run_date,author,rank,tier,impact,own,surv,coup,rev,commits,has_review_data
2026-07-11,William Lin,1,1,0.94,1.0,0.76,1.0,1.0,316,True
2026-07-11,alexzms,2,1,0.9395,0.9756,0.88,0.9512,0.9512,53,True
2026-07-11,Jinzhe Pan,3,2,0.9145,0.939,0.78,0.9756,0.9634,47,True
2026-07-11,Kevin Lin,4,3,0.8888,0.9024,0.86,0.9146,0.878,49,True
2026-07-11,Junda Su,5,4,0.8715,0.9878,0.62,0.9634,0.9146,36,True
2026-07-11,Wei Zhou,6,5,0.8521,0.9146,0.64,0.9268,0.9268,33,True
2026-07-11,XOR-op,7,6,0.8256,0.8293,0.9,0.8049,0.7683,31,True
2026-07-11,Zhang Peiyuan,8,7,0.8048,0.9634,0.28,0.9878,0.9878,132,True
2026-07-11,Wenxuan Tan,9,8,0.8016,0.7683,0.56,0.9024,0.9756,49,True
2026-07-11,Shao Duan,10,9,0.7818,0.9512,0.92,0.8902,0.3659,16,True
2026-07-11,Loay Rashid,11,9,0.7809,0.7805,0.66,0.8293,0.8537,18,True
2026-07-11,Satyam Srivastava,12,10,0.7683,0.8659,0.5,0.878,0.8293,9,True
2026-07-11,Matthew Noto,13,11,0.7609,0.7317,0.58,0.8415,0.8902,36,True
2026-07-11,Mingjia Huo,14,12,0.7493,0.8171,0.68,0.6585,0.8415,4,True
2026-07-11,KyleShao,15,13,0.7441,0.878,0.94,0.7927,0.3659,4,True
2026-07-11,Kaiqin Kong,16,14,0.7291,0.9268,0.38,0.8659,0.7439,28,True
2026-07-11,Yongqi Chen,17,15,0.7221,0.8902,0.12,0.939,0.939,74,True
2026-07-11,Ajay Anubolu,18,16,0.7039,0.7927,0.84,0.8171,0.3659,2,True
2026-07-11,Mihir Jagtap,19,17,0.6983,0.8537,0.72,0.8537,0.3659,5,True
2026-07-11,Ishan,20,18,0.679,0.8049,0.96,0.5854,0.3659,2,True
2026-07-11,Hao Zhang,21,19,0.6627,0.5,0.48,0.7683,0.9024,4,True
2026-07-11,KUAN-HAO HUANG,22,20,0.6479,0.622,0.5,0.6707,0.7988,2,True
2026-07-11,You Zhou,23,21,0.6361,0.5732,0.52,0.7073,0.7439,3,True
2026-07-11,vishruthb,24,22,0.6293,0.8415,0.7,0.6098,0.3659,1,True
2026-07-11,Eric Liang,25,23,0.6088,0.6951,0.74,0.6341,0.3659,1,True
2026-07-11,jaisurya27,26,24,0.5891,0.6829,0.82,0.4878,0.3659,1,True
2026-07-11,RoyWang,27,24,0.5872,0.6098,0.8,0.5732,0.3659,4,True
2026-07-11,Hangliang Ding,28,25,0.5796,0.4756,0.3,0.7439,0.7988,9,True
2026-07-11,Raghav K,29,26,0.5732,0.6707,0.5,0.7561,0.3659,7,True
2026-07-11,Mook,30,27,0.5671,0.7073,0.5,0.6951,0.3659,3,True
2026-07-11,Ohm-Rishabh,31,28,0.5618,0.6585,0.54,0.6829,0.3659,5,True
2026-07-11,Shreejith SG,32,28,0.5606,0.7561,0.34,0.7805,0.3659,5,True
2026-07-11,Aryan Kumar,33,28,0.5579,0.6341,0.5,0.7317,0.3659,3,True
2026-07-11,rlsu9,34,29,0.5389,0.4634,0.18,0.6463,0.8659,24,True
2026-07-11,sumyyyyy,35,30,0.5335,0.7439,0.5,0.5244,0.3659,2,True
2026-07-11,zyang6,36,31,0.528,0.5976,0.6,0.5488,0.3659,1,True
2026-07-11,xsank,37,32,0.5091,0.7195,0.5,0.4512,0.3659,1,True
2026-07-11,Jiali Chen,38,33,0.4983,0.5854,0.42,0.622,0.3659,3,True
2026-07-11,Wei (Will) Feng,39,33,0.498,0.2317,0.98,0.4146,0.3659,2,True
2026-07-11,Peng Xiao,40,34,0.4909,0.2317,1.0,0.3659,0.3659,1,True
2026-07-11,Zhili Yang,41,35,0.4848,0.6463,0.5,0.4268,0.3659,1,True
2026-07-11,klhhhhh,42,36,0.4543,0.5122,0.5,0.439,0.3659,2,True
2026-07-11,Sopiko Kurdadze,43,37,0.4484,0.4878,0.44,0.5,0.3659,1,True
2026-07-11,KyleNeverGivesUp,44,38,0.4451,0.5244,0.5,0.3902,0.3659,1,True
2026-07-11,lb203,45,38,0.4435,0.5488,0.14,0.7195,0.3659,1,True
2026-07-11,Yuzhou Nie,46,38,0.4415,0.5366,0.4,0.4634,0.3659,1,True
2026-07-11,Xingyu Long,47,39,0.4268,0.2317,0.5,0.1768,0.7988,1,True
2026-07-11,Qi Jia,48,40,0.4238,0.2317,0.5,0.5976,0.3659,2,True
2026-07-11,Brayden Zhong,49,41,0.4131,0.2317,0.5,0.1768,0.7439,2,True
2026-07-11,applesaucethebun,50,42,0.3985,0.2317,0.46,0.5366,0.3659,2,True
2026-07-11,Darren,51,43,0.371,0.2317,0.1,0.3537,0.7988,5,True
2026-07-11,Eitan Turok,52,44,0.3574,0.2317,0.32,0.5122,0.3659,1,True
2026-07-11,Zihang-He,53,44,0.3546,0.2317,0.26,0.561,0.3659,2,True
2026-07-11,Junda Chen,54,45,0.3359,0.561,0.24,0.1768,0.3659,1,True
2026-07-11,Zhaobin Chu,55,45,0.3339,0.2317,0.36,0.378,0.3659,2,True
2026-07-11,BrianChenn1129,56,46,0.3186,0.2317,0.5,0.1768,0.3659,1,True
2026-07-11,Cursor,57,46,0.3186,0.2317,0.5,0.1768,0.3659,1,True
2026-07-11,Darren Sadr,58,46,0.3186,0.2317,0.5,0.1768,0.3659,1,True
2026-07-11,EricLiang,59,46,0.3186,0.2317,0.5,0.1768,0.3659,1,True
2026-07-11,Gnav3852,60,46,0.3186,0.2317,0.5,0.1768,0.3659,1,True
2026-07-11,Ishan Vaish,61,46,0.3186,0.2317,0.5,0.1768,0.3659,1,True
2026-07-11,KyleS1016,62,46,0.3186,0.2317,0.5,0.1768,0.3659,1,True
2026-07-11,LinB203,63,46,0.3186,0.2317,0.5,0.1768,0.3659,1,True
2026-07-11,Mac Lee,64,46,0.3186,0.2317,0.5,0.1768,0.3659,1,True
2026-07-11,Raghav,65,46,0.3186,0.2317,0.5,0.1768,0.3659,1,True
2026-07-11,Runlong,66,46,0.3186,0.2317,0.5,0.1768,0.3659,1,True
2026-07-11,Utkarsh Ranjan,67,46,0.3186,0.2317,0.5,0.1768,0.3659,1,True
2026-07-11,abaghyangor,68,46,0.3186,0.2317,0.5,0.1768,0.3659,1,True
2026-07-11,ainsley,69,46,0.3186,0.2317,0.5,0.1768,0.3659,1,True
2026-07-11,guangyi,70,46,0.3186,0.2317,0.5,0.1768,0.3659,1,True
2026-07-11,kiritorl,71,46,0.3186,0.2317,0.5,0.1768,0.3659,1,True
2026-07-11,root,72,46,0.3186,0.2317,0.5,0.1768,0.3659,1,True
2026-07-11,roywang <roywang>,73,46,0.3186,0.2317,0.5,0.1768,0.3659,3,True
2026-07-11,zbchu2,74,46,0.3186,0.2317,0.5,0.1768,0.3659,2,True
2026-07-11,肖鹏,75,46,0.3186,0.2317,0.5,0.1768,0.3659,1,True
2026-07-11,Kevinzz,76,46,0.3183,0.2317,0.2,0.4756,0.3659,1,True
2026-07-11,Luis Catacora,77,47,0.305,0.2317,0.22,0.4024,0.3659,1,True
2026-07-11,Ketaki Tank,78,48,0.2336,0.2317,0.16,0.1768,0.3659,2,True
2026-07-11,MartinPernus,79,49,0.2061,0.2317,0.05,0.1768,0.3659,1,True
2026-07-11,Tuyabei,80,49,0.2061,0.2317,0.05,0.1768,0.3659,1,True
2026-07-11,Y-aang,81,49,0.2061,0.2317,0.05,0.1768,0.3659,1,True
2026-07-11,eeecho,82,49,0.2061,0.2317,0.05,0.1768,0.3659,1,True
2026-07-12,alexzms,1,1,0.9521,0.9767,0.9245,0.9535,0.9535,54,True
2026-07-12,William Lin,2,2,0.934,1.0,0.7358,1.0,1.0,346,True
2026-07-12,Jinzhe Pan,3,3,0.9096,0.9419,0.7547,0.9767,0.9651,47,True
2026-07-12,Satyam Srivastava,4,4,0.8714,0.8605,0.8113,0.9186,0.8953,10,True
2026-07-12,Junda Su,5,5,0.8642,0.9884,0.5849,0.9651,0.9186,36,True
2026-07-12,Wei Zhou,6,6,0.8457,0.9186,0.6038,0.9302,0.9302,33,True
2026-07-12,Kevin Lin,7,6,0.8449,0.8953,0.717,0.8953,0.8721,49,True
2026-07-12,XOR-op,8,7,0.814,0.814,0.8491,0.814,0.7791,31,True
2026-07-12,Zhang Peiyuan,9,8,0.8015,0.9651,0.2642,0.9884,0.9884,132,True
2026-07-12,Wenxuan Tan,10,9,0.7967,0.7558,0.5472,0.907,0.9767,49,True
2026-07-12,Shao Duan,11,10,0.7787,0.9535,0.9057,0.8837,0.3721,16,True
2026-07-12,Loay Rashid,12,11,0.7661,0.7674,0.6226,0.8256,0.8488,18,True
2026-07-12,Mingjia Huo,13,11,0.765,0.907,0.6415,0.6744,0.8372,5,True
2026-07-12,Matthew Noto,14,12,0.7367,0.6977,0.5283,0.8372,0.8837,36,True
2026-07-12,KUAN-HAO HUANG,15,13,0.733,0.593,0.8679,0.6628,0.8081,2,True
2026-07-12,KyleShao,16,13,0.7304,0.8721,0.8868,0.7907,0.3721,4,True
2026-07-12,Kaiqin Kong,17,14,0.7263,0.9302,0.3585,0.8605,0.7558,29,True
2026-07-12,Yongqi Chen,18,15,0.7202,0.8837,0.1132,0.9419,0.9419,74,True
2026-07-12,Mihir Jagtap,19,16,0.6873,0.8488,0.6792,0.8488,0.3721,5,True
2026-07-12,Ajay Anubolu,20,17,0.6818,0.7791,0.7736,0.8023,0.3721,2,True
2026-07-12,Ishan,21,18,0.6737,0.7907,0.9623,0.5698,0.3721,2,True
2026-07-12,Hao Zhang,22,19,0.6481,0.4767,0.4528,0.7558,0.907,4,True
2026-07-12,Mac Lee,23,20,0.6366,0.8023,0.5,0.8721,0.3721,11,True
2026-07-12,vishruthb,24,21,0.6215,0.8372,0.6604,0.6163,0.3721,1,True
2026-07-12,You Zhou,25,21,0.6197,0.5465,0.4906,0.686,0.7558,3,True
2026-07-12,Raghav K,26,22,0.593,0.7209,0.5,0.7791,0.3721,9,True
2026-07-12,Eric Liang,27,23,0.5902,0.6628,0.6981,0.6279,0.3721,1,True
2026-07-12,Aryan Kumar,28,24,0.5872,0.7326,0.5,0.7442,0.3721,4,True
2026-07-12,jaisurya27,29,25,0.5767,0.6512,0.8302,0.4535,0.3721,1,True
2026-07-12,RoyWang,30,25,0.576,0.5814,0.7925,0.5581,0.3721,4,True
2026-07-12,Suckl,31,26,0.5698,0.8256,0.5,0.5814,0.3721,1,True
2026-07-12,Hangliang Ding,32,27,0.5664,0.4419,0.283,0.7326,0.8081,9,True
2026-07-12,Mook,33,27,0.564,0.6744,0.5,0.7093,0.3721,3,True
2026-07-12,Ohm-Rishabh,34,28,0.5547,0.6395,0.5094,0.6977,0.3721,5,True
2026-07-12,klhhhhh,35,28,0.5527,0.4884,0.9434,0.407,0.3721,2,True
2026-07-12,Shreejith SG,36,28,0.5511,0.7442,0.3208,0.7674,0.3721,5,True
2026-07-12,Atharv Ramesh,37,29,0.5349,0.6163,0.5,0.6512,0.3721,1,True
2026-07-12,rlsu9,38,30,0.525,0.4302,0.1698,0.6395,0.8605,24,True
2026-07-12,sumyyyyy,39,31,0.5174,0.7093,0.5,0.4884,0.3721,2,True
2026-07-12,zyang6,40,32,0.5107,0.5698,0.566,0.5349,0.3721,1,True
2026-07-12,Kared,41,33,0.5058,0.6279,0.5,0.5233,0.3721,1,True
2026-07-12,xsank,42,34,0.4942,0.686,0.5,0.4186,0.3721,1,True
2026-07-12,Wei (Will) Feng,43,35,0.488,0.2151,0.9811,0.3837,0.3721,2,True
2026-07-12,Jiali Chen,44,36,0.4828,0.5581,0.3962,0.6047,0.3721,3,True
2026-07-12,Peng Xiao,45,36,0.4811,0.2151,1.0,0.3372,0.3721,1,True
2026-07-12,Zhili Yang,46,37,0.468,0.6047,0.5,0.3953,0.3721,1,True
2026-07-12,zainnh,47,38,0.4564,0.4535,0.5,0.5,0.3721,1,True
2026-07-12,lb203,48,39,0.4371,0.5233,0.1321,0.7209,0.3721,1,True
2026-07-12,KyleNeverGivesUp,49,40,0.4331,0.5,0.5,0.3605,0.3721,1,True
2026-07-12,Sopiko Kurdadze,50,41,0.4294,0.4651,0.4151,0.4651,0.3721,1,True
2026-07-12,Yuzhou Nie,51,42,0.4228,0.5116,0.3774,0.4302,0.3721,1,True
2026-07-12,Xingyu Long,52,42,0.4215,0.2151,0.5,0.1628,0.8081,1,True
2026-07-12,Qi Jia,53,43,0.413,0.2151,0.4717,0.593,0.3721,2,True
2026-07-12,Brayden Zhong,54,44,0.4084,0.2151,0.5,0.1628,0.7558,2,True
2026-07-12,applesaucethebun,55,45,0.3832,0.2151,0.434,0.5116,0.3721,2,True
2026-07-12,Darren,56,46,0.3608,0.2151,0.0943,0.3256,0.8081,5,True
2026-07-12,Zihang-He,57,47,0.3448,0.2151,0.2453,0.5465,0.3721,2,True
2026-07-12,Eitan Turok,58,48,0.3415,0.2151,0.3019,0.4767,0.3721,1,True
2026-07-12,Junda Chen,59,49,0.324,0.5349,0.2264,0.1628,0.3721,1,True
2026-07-12,Zhaobin Chu,60,50,0.3189,0.2151,0.3396,0.3488,0.3721,2,True
2026-07-12,BrianChenn1129,61,51,0.3125,0.2151,0.5,0.1628,0.3721,1,True
2026-07-12,Darren Sadr,62,51,0.3125,0.2151,0.5,0.1628,0.3721,1,True
2026-07-12,EricLiang,63,51,0.3125,0.2151,0.5,0.1628,0.3721,1,True
2026-07-12,Gnav3852,64,51,0.3125,0.2151,0.5,0.1628,0.3721,1,True
2026-07-12,Ishan Vaish,65,51,0.3125,0.2151,0.5,0.1628,0.3721,1,True
2026-07-12,KyleS1016,66,51,0.3125,0.2151,0.5,0.1628,0.3721,1,True
2026-07-12,LinB203,67,51,0.3125,0.2151,0.5,0.1628,0.3721,1,True
2026-07-12,Raghav,68,51,0.3125,0.2151,0.5,0.1628,0.3721,1,True
2026-07-12,Runlong,69,51,0.3125,0.2151,0.5,0.1628,0.3721,1,True
2026-07-12,Utkarsh Ranjan,70,51,0.3125,0.2151,0.5,0.1628,0.3721,1,True
2026-07-12,abaghyangor,71,51,0.3125,0.2151,0.5,0.1628,0.3721,1,True
2026-07-12,ainsley,72,51,0.3125,0.2151,0.5,0.1628,0.3721,1,True
2026-07-12,guangyi,73,51,0.3125,0.2151,0.5,0.1628,0.3721,1,True
2026-07-12,kiritorl,74,51,0.3125,0.2151,0.5,0.1628,0.3721,1,True
2026-07-12,leffff,75,51,0.3125,0.2151,0.5,0.1628,0.3721,1,True
2026-07-12,root,76,51,0.3125,0.2151,0.5,0.1628,0.3721,1,True
2026-07-12,roywang <roywang>,77,51,0.3125,0.2151,0.5,0.1628,0.3721,3,True
2026-07-12,zbchu2,78,51,0.3125,0.2151,0.5,0.1628,0.3721,2,True
2026-07-12,肖鹏,79,51,0.3125,0.2151,0.5,0.1628,0.3721,1,True
2026-07-12,Kevinzz,80,52,0.3044,0.2151,0.1887,0.4419,0.3721,1,True
2026-07-12,Luis Catacora,81,53,0.2917,0.2151,0.2075,0.3721,0.3721,1,True
2026-07-12,Ketaki Tank,82,54,0.2252,0.2151,0.1509,0.1628,0.3721,2,True
2026-07-12,MartinPernus,83,55,0.1993,0.2151,0.0472,0.1628,0.3721,1,True
2026-07-12,Tuyabei,84,55,0.1993,0.2151,0.0472,0.1628,0.3721,1,True
2026-07-12,Y-aang,85,55,0.1993,0.2151,0.0472,0.1628,0.3721,1,True
2026-07-12,eeecho,86,55,0.1993,0.2151,0.0472,0.1628,0.3721,1,True
2026-07-13,alexzms,1,1,0.9524,0.977,0.9245,0.954,0.954,54,True
2026-07-13,William Lin,2,2,0.934,1.0,0.7358,1.0,1.0,349,True
2026-07-13,Jinzhe Pan,3,3,0.9147,0.9425,0.7736,0.977,0.9655,47,True
2026-07-13,Satyam Srivastava,4,4,0.8724,0.8621,0.8113,0.9195,0.8966,10,True
2026-07-13,Junda Su,5,5,0.8646,0.9885,0.5849,0.9655,0.9195,36,True
2026-07-13,Wei Zhou,6,6,0.8463,0.9195,0.6038,0.931,0.931,33,True
2026-07-13,Kevin Lin,7,6,0.8459,0.8966,0.717,0.8966,0.8736,49,True
2026-07-13,XOR-op,8,7,0.81,0.8046,0.8491,0.8046,0.7816,31,True
2026-07-13,Zhang Peiyuan,9,8,0.8017,0.9655,0.2642,0.9885,0.9885,132,True
2026-07-13,Wenxuan Tan,10,9,0.7891,0.7241,0.5472,0.908,0.977,49,True
2026-07-13,Shao Duan,11,10,0.7796,0.954,0.9057,0.8851,0.3736,16,True
2026-07-13,Mingjia Huo,12,11,0.7667,0.908,0.6415,0.6782,0.8391,5,True
2026-07-13,Loay Rashid,13,12,0.7591,0.7356,0.6226,0.8276,0.8506,18,True
2026-07-13,Matthew Noto,14,13,0.7355,0.6782,0.5283,0.8506,0.8851,36,True
2026-07-13,KUAN-HAO HUANG,15,14,0.7328,0.5862,0.8679,0.6667,0.8103,2,True
2026-07-13,Kaiqin Kong,16,15,0.7276,0.931,0.3585,0.8621,0.7586,30,True
2026-07-13,KyleShao,17,15,0.726,0.8736,0.8868,0.7701,0.3736,4,True
2026-07-13,Yongqi Chen,18,16,0.7208,0.8851,0.1132,0.9425,0.9425,74,True
2026-07-13,Mihir Jagtap,19,17,0.6856,0.8506,0.6792,0.8391,0.3736,5,True
2026-07-13,Ishan,20,18,0.673,0.7816,0.9623,0.5747,0.3736,2,True
2026-07-13,Ajay Anubolu,21,19,0.6671,0.7586,0.7547,0.7816,0.3736,2,True
2026-07-13,Hao Zhang,22,20,0.6477,0.4713,0.4528,0.7586,0.908,4,True
2026-07-13,Mac Lee,23,21,0.6351,0.7931,0.5,0.8736,0.3736,12,True
2026-07-13,vishruthb,24,22,0.6206,0.8391,0.6604,0.6092,0.3736,1,True
2026-07-13,You Zhou,25,22,0.6198,0.5402,0.4906,0.6897,0.7586,3,True
2026-07-13,Raghav K,26,23,0.6149,0.7701,0.5,0.8161,0.3736,10,True
2026-07-13,Eric Liang,27,24,0.5898,0.6552,0.6981,0.6322,0.3736,1,True
2026-07-13,Aryan Kumar,28,25,0.5833,0.7126,0.5,0.7471,0.3736,4,True
2026-07-13,Shreejith SG,29,26,0.5788,0.8276,0.3208,0.7931,0.3736,6,True
2026-07-13,RoyWang,30,27,0.576,0.5747,0.7925,0.5632,0.3736,4,True
2026-07-13,Mook,31,28,0.5718,0.7011,0.5,0.7126,0.3736,4,True
2026-07-13,jaisurya27,32,28,0.5711,0.6437,0.8302,0.4368,0.3736,1,True
2026-07-13,Hangliang Ding,33,29,0.5664,0.4368,0.283,0.7356,0.8103,9,True
2026-07-13,Suckl,34,30,0.5603,0.8161,0.5,0.5517,0.3736,1,True
2026-07-13,Guian Fang,35,31,0.5546,0.7471,0.5,0.5977,0.3736,1,True
2026-07-13,Ohm-Rishabh,36,31,0.5541,0.6322,0.5094,0.7011,0.3736,5,True
2026-07-13,klhhhhh,37,32,0.5505,0.4828,0.9434,0.4023,0.3736,2,True
2026-07-13,Atharv Ramesh,38,33,0.5345,0.6092,0.5,0.6552,0.3736,1,True
2026-07-13,rlsu9,39,34,0.5252,0.4253,0.1698,0.6437,0.8621,24,True
2026-07-13,sumyyyyy,40,35,0.5115,0.6897,0.5,0.4828,0.3736,2,True
2026-07-13,zyang6,41,36,0.5079,0.5632,0.566,0.5287,0.3736,1,True
2026-07-13,Kared,42,37,0.5029,0.6207,0.5,0.5172,0.3736,1,True
2026-07-13,xsank,43,38,0.4885,0.6667,0.5,0.4138,0.3736,1,True
2026-07-13,Wei (Will) Feng,44,38,0.4867,0.2126,0.9811,0.3793,0.3736,2,True
2026-07-13,Jiali Chen,45,38,0.4856,0.5517,0.3962,0.6207,0.3736,3,True
2026-07-13,Peng Xiao,46,39,0.4799,0.2126,1.0,0.3333,0.3736,1,True
2026-07-13,Zhili Yang,47,40,0.4655,0.5977,0.5,0.3908,0.3736,1,True
2026-07-13,zainnh,48,41,0.454,0.4483,0.5,0.4943,0.3736,1,True
2026-07-13,lb203,49,42,0.4368,0.5172,0.1321,0.7241,0.3736,1,True
2026-07-13,KyleNeverGivesUp,50,43,0.431,0.4943,0.5,0.3563,0.3736,1,True
2026-07-13,Sopiko Kurdadze,51,44,0.427,0.4598,0.4151,0.4598,0.3736,1,True
2026-07-13,Xingyu Long,52,45,0.421,0.2126,0.5,0.1609,0.8103,1,True
2026-07-13,Yuzhou Nie,53,45,0.4205,0.5057,0.3774,0.4253,0.3736,1,True
2026-07-13,Qi Jia,54,46,0.411,0.2126,0.4717,0.5862,0.3736,2,True
2026-07-13,Brayden Zhong,55,47,0.408,0.2126,0.5,0.1609,0.7586,2,True
2026-07-13,applesaucethebun,56,48,0.3815,0.2126,0.434,0.5057,0.3736,2,True
2026-07-13,Darren,57,49,0.3598,0.2126,0.0943,0.3218,0.8103,5,True
2026-07-13,Zihang-He,58,50,0.3429,0.2126,0.2453,0.5402,0.3736,2,True
2026-07-13,Eitan Turok,59,51,0.3398,0.2126,0.3019,0.4713,0.3736,1,True
2026-07-13,Junda Chen,60,52,0.3224,0.5287,0.2264,0.1609,0.3736,1,True
2026-07-13,Zhaobin Chu,61,53,0.3177,0.2126,0.3396,0.3448,0.3736,2,True
2026-07-13,BrianChenn1129,62,54,0.3118,0.2126,0.5,0.1609,0.3736,1,True
2026-07-13,Darren Sadr,63,54,0.3118,0.2126,0.5,0.1609,0.3736,1,True
2026-07-13,EricLiang,64,54,0.3118,0.2126,0.5,0.1609,0.3736,1,True
2026-07-13,Gnav3852,65,54,0.3118,0.2126,0.5,0.1609,0.3736,1,True
2026-07-13,Ishan Vaish,66,54,0.3118,0.2126,0.5,0.1609,0.3736,2,True
2026-07-13,KyleS1016,67,54,0.3118,0.2126,0.5,0.1609,0.3736,1,True
2026-07-13,LinB203,68,54,0.3118,0.2126,0.5,0.1609,0.3736,1,True
2026-07-13,Raghav,69,54,0.3118,0.2126,0.5,0.1609,0.3736,1,True
2026-07-13,Runlong,70,54,0.3118,0.2126,0.5,0.1609,0.3736,1,True
2026-07-13,Utkarsh Ranjan,71,54,0.3118,0.2126,0.5,0.1609,0.3736,1,True
2026-07-13,abaghyangor,72,54,0.3118,0.2126,0.5,0.1609,0.3736,1,True
2026-07-13,ainsley,73,54,0.3118,0.2126,0.5,0.1609,0.3736,1,True
2026-07-13,guangyi,74,54,0.3118,0.2126,0.5,0.1609,0.3736,1,True
2026-07-13,kiritorl,75,54,0.3118,0.2126,0.5,0.1609,0.3736,1,True
2026-07-13,leffff,76,54,0.3118,0.2126,0.5,0.1609,0.3736,1,True
2026-07-13,root,77,54,0.3118,0.2126,0.5,0.1609,0.3736,1,True
2026-07-13,roywang <roywang>,78,54,0.3118,0.2126,0.5,0.1609,0.3736,3,True
2026-07-13,zbchu2,79,54,0.3118,0.2126,0.5,0.1609,0.3736,2,True
2026-07-13,肖鹏,80,54,0.3118,0.2126,0.5,0.1609,0.3736,1,True
2026-07-13,Kevinzz,81,55,0.3058,0.2126,0.1887,0.4483,0.3736,1,True
2026-07-13,Luis Catacora,82,56,0.2904,0.2126,0.2075,0.3678,0.3736,1,True
2026-07-13,Ketaki Tank,83,57,0.2245,0.2126,0.1509,0.1609,0.3736,2,True
2026-07-13,MartinPernus,84,58,0.1986,0.2126,0.0472,0.1609,0.3736,1,True
2026-07-13,Tuyabei,85,58,0.1986,0.2126,0.0472,0.1609,0.3736,1,True
2026-07-13,Y-aang,86,58,0.1986,0.2126,0.0472,0.1609,0.3736,1,True
2026-07-13,eeecho,87,58,0.1986,0.2126,0.0472,0.1609,0.3736,1,True
2026-07-15,alexzms,1,1,0.9524,0.977,0.9245,0.954,0.954,54,True
2026-07-15,William Lin,2,2,0.9434,1.0,0.7736,1.0,1.0,352,True
2026-07-15,Jinzhe Pan,3,3,0.9099,0.9425,0.7547,0.977,0.9655,47,True
2026-07-15,Satyam Srivastava,4,4,0.8724,0.8621,0.8113,0.9195,0.8966,11,True
2026-07-15,Junda Su,5,5,0.8646,0.9885,0.5849,0.9655,0.9195,36,True
2026-07-15,Wei Zhou,6,6,0.8463,0.9195,0.6038,0.931,0.931,33,True
2026-07-15,Kevin Lin,7,6,0.8459,0.8966,0.717,0.8966,0.8736,49,True
2026-07-15,XOR-op,8,7,0.81,0.8046,0.8491,0.8046,0.7816,31,True
2026-07-15,Zhang Peiyuan,9,8,0.8017,0.9655,0.2642,0.9885,0.9885,132,True
2026-07-15,Wenxuan Tan,10,9,0.7891,0.7241,0.5472,0.908,0.977,49,True
2026-07-15,Shao Duan,11,10,0.7796,0.954,0.9057,0.8851,0.3736,16,True
2026-07-15,Mingjia Huo,12,11,0.7667,0.908,0.6415,0.6782,0.8391,5,True
2026-07-15,Loay Rashid,13,12,0.7591,0.7356,0.6226,0.8276,0.8506,18,True
2026-07-15,Matthew Noto,14,13,0.7355,0.6782,0.5283,0.8506,0.8851,36,True
2026-07-15,KUAN-HAO HUANG,15,14,0.7328,0.5862,0.8679,0.6667,0.8103,2,True
2026-07-15,Kaiqin Kong,16,15,0.7276,0.931,0.3585,0.8621,0.7586,30,True
2026-07-15,KyleShao,17,15,0.726,0.8736,0.8868,0.7701,0.3736,4,True
2026-07-15,Yongqi Chen,18,16,0.7208,0.8851,0.1132,0.9425,0.9425,74,True
2026-07-15,Mihir Jagtap,19,17,0.6856,0.8506,0.6792,0.8391,0.3736,5,True
2026-07-15,Ishan,20,18,0.673,0.7816,0.9623,0.5747,0.3736,2,True
2026-07-15,Ajay Anubolu,21,19,0.6624,0.7586,0.7358,0.7816,0.3736,2,True
2026-07-15,Hao Zhang,22,20,0.6477,0.4713,0.4528,0.7586,0.908,4,True
2026-07-15,Mac Lee,23,21,0.6351,0.7931,0.5,0.8736,0.3736,13,True
2026-07-15,vishruthb,24,22,0.6206,0.8391,0.6604,0.6092,0.3736,1,True
2026-07-15,You Zhou,25,22,0.6198,0.5402,0.4906,0.6897,0.7586,3,True
2026-07-15,Raghav K,26,23,0.6149,0.7701,0.5,0.8161,0.3736,10,True
2026-07-15,Eric Liang,27,24,0.5898,0.6552,0.6981,0.6322,0.3736,1,True
2026-07-15,Aryan Kumar,28,25,0.5833,0.7126,0.5,0.7471,0.3736,4,True
2026-07-15,Shreejith SG,29,26,0.5788,0.8276,0.3208,0.7931,0.3736,6,True
2026-07-15,RoyWang,30,27,0.576,0.5747,0.7925,0.5632,0.3736,4,True
2026-07-15,Mook,31,28,0.5718,0.7011,0.5,0.7126,0.3736,4,True
2026-07-15,jaisurya27,32,28,0.5711,0.6437,0.8302,0.4368,0.3736,1,True
2026-07-15,Hangliang Ding,33,29,0.5664,0.4368,0.283,0.7356,0.8103,9,True
2026-07-15,Suckl,34,30,0.5603,0.8161,0.5,0.5517,0.3736,1,True
2026-07-15,Guian Fang,35,31,0.5546,0.7471,0.5,0.5977,0.3736,1,True
2026-07-15,Ohm-Rishabh,36,31,0.5541,0.6322,0.5094,0.7011,0.3736,5,True
2026-07-15,klhhhhh,37,32,0.5505,0.4828,0.9434,0.4023,0.3736,2,True
2026-07-15,Atharv Ramesh,38,33,0.5345,0.6092,0.5,0.6552,0.3736,1,True
2026-07-15,rlsu9,39,34,0.5252,0.4253,0.1698,0.6437,0.8621,24,True
2026-07-15,sumyyyyy,40,35,0.5115,0.6897,0.5,0.4828,0.3736,2,True
2026-07-15,zyang6,41,36,0.5079,0.5632,0.566,0.5287,0.3736,1,True
2026-07-15,Kared,42,37,0.5029,0.6207,0.5,0.5172,0.3736,1,True
2026-07-15,xsank,43,38,0.4885,0.6667,0.5,0.4138,0.3736,1,True
2026-07-15,Wei (Will) Feng,44,38,0.4867,0.2126,0.9811,0.3793,0.3736,2,True
2026-07-15,Jiali Chen,45,38,0.4856,0.5517,0.3962,0.6207,0.3736,3,True
2026-07-15,Peng Xiao,46,39,0.4799,0.2126,1.0,0.3333,0.3736,1,True
2026-07-15,Zhili Yang,47,40,0.4655,0.5977,0.5,0.3908,0.3736,1,True
2026-07-15,zainnh,48,41,0.454,0.4483,0.5,0.4943,0.3736,1,True
2026-07-15,lb203,49,42,0.4368,0.5172,0.1321,0.7241,0.3736,1,True
2026-07-15,KyleNeverGivesUp,50,43,0.431,0.4943,0.5,0.3563,0.3736,1,True
2026-07-15,Sopiko Kurdadze,51,44,0.427,0.4598,0.4151,0.4598,0.3736,1,True
2026-07-15,Xingyu Long,52,45,0.421,0.2126,0.5,0.1609,0.8103,1,True
2026-07-15,Yuzhou Nie,53,45,0.4205,0.5057,0.3774,0.4253,0.3736,1,True
2026-07-15,Qi Jia,54,46,0.411,0.2126,0.4717,0.5862,0.3736,2,True
2026-07-15,Brayden Zhong,55,47,0.408,0.2126,0.5,0.1609,0.7586,2,True
2026-07-15,applesaucethebun,56,48,0.3815,0.2126,0.434,0.5057,0.3736,2,True
2026-07-15,Darren,57,49,0.3598,0.2126,0.0943,0.3218,0.8103,5,True
2026-07-15,Zihang-He,58,50,0.3429,0.2126,0.2453,0.5402,0.3736,2,True
2026-07-15,Eitan Turok,59,51,0.3398,0.2126,0.3019,0.4713,0.3736,1,True
2026-07-15,Junda Chen,60,52,0.3224,0.5287,0.2264,0.1609,0.3736,1,True
2026-07-15,Zhaobin Chu,61,53,0.3177,0.2126,0.3396,0.3448,0.3736,2,True
2026-07-15,BrianChenn1129,62,54,0.3118,0.2126,0.5,0.1609,0.3736,1,True
2026-07-15,Darren Sadr,63,54,0.3118,0.2126,0.5,0.1609,0.3736,1,True
2026-07-15,EricLiang,64,54,0.3118,0.2126,0.5,0.1609,0.3736,1,True
2026-07-15,Gnav3852,65,54,0.3118,0.2126,0.5,0.1609,0.3736,1,True
2026-07-15,Ishan Vaish,66,54,0.3118,0.2126,0.5,0.1609,0.3736,2,True
2026-07-15,KyleS1016,67,54,0.3118,0.2126,0.5,0.1609,0.3736,1,True
2026-07-15,LinB203,68,54,0.3118,0.2126,0.5,0.1609,0.3736,1,True
2026-07-15,Raghav,69,54,0.3118,0.2126,0.5,0.1609,0.3736,1,True
2026-07-15,Runlong,70,54,0.3118,0.2126,0.5,0.1609,0.3736,1,True
2026-07-15,Utkarsh Ranjan,71,54,0.3118,0.2126,0.5,0.1609,0.3736,1,True
2026-07-15,abaghyangor,72,54,0.3118,0.2126,0.5,0.1609,0.3736,1,True
2026-07-15,ainsley,73,54,0.3118,0.2126,0.5,0.1609,0.3736,1,True
2026-07-15,guangyi,74,54,0.3118,0.2126,0.5,0.1609,0.3736,1,True
2026-07-15,kiritorl,75,54,0.3118,0.2126,0.5,0.1609,0.3736,1,True
2026-07-15,leffff,76,54,0.3118,0.2126,0.5,0.1609,0.3736,1,True
2026-07-15,root,77,54,0.3118,0.2126,0.5,0.1609,0.3736,1,True
2026-07-15,roywang <roywang>,78,54,0.3118,0.2126,0.5,0.1609,0.3736,3,True
2026-07-15,zbchu2,79,54,0.3118,0.2126,0.5,0.1609,0.3736,2,True
2026-07-15,肖鹏,80,54,0.3118,0.2126,0.5,0.1609,0.3736,1,True
2026-07-15,Kevinzz,81,55,0.3058,0.2126,0.1887,0.4483,0.3736,1,True
2026-07-15,Luis Catacora,82,56,0.2904,0.2126,0.2075,0.3678,0.3736,1,True
2026-07-15,Ketaki Tank,83,57,0.2245,0.2126,0.1509,0.1609,0.3736,2,True
2026-07-15,MartinPernus,84,58,0.1986,0.2126,0.0472,0.1609,0.3736,1,True
2026-07-15,Tuyabei,85,58,0.1986,0.2126,0.0472,0.1609,0.3736,1,True
2026-07-15,Y-aang,86,58,0.1986,0.2126,0.0472,0.1609,0.3736,1,True
2026-07-15,eeecho,87,58,0.1986,0.2126,0.0472,0.1609,0.3736,1,True
2026-07-17,alexzms,1,1,0.9527,0.9773,0.9245,0.9545,0.9545,54,True
2026-07-17,William Lin,2,2,0.9434,1.0,0.7736,1.0,1.0,358,True
2026-07-17,Junda Su,3,3,0.8697,0.9886,0.6038,0.9659,0.9205,37,True
2026-07-17,Satyam Srivastava,4,3,0.8676,0.8409,0.8113,0.9205,0.8977,12,True
2026-07-17,Jinzhe Pan,5,4,0.8537,0.9432,0.5283,0.9773,0.9659,47,True
2026-07-17,Wei Zhou,6,4,0.8517,0.9205,0.6226,0.9318,0.9318,33,True
2026-07-17,Kevin Lin,7,5,0.8431,0.875,0.7358,0.8864,0.875,49,True
2026-07-17,XOR-op,8,6,0.806,0.7841,0.8491,0.8068,0.7841,31,True
2026-07-17,Zhang Peiyuan,9,7,0.8018,0.9659,0.2642,0.9886,0.9886,132,True
2026-07-17,Wenxuan Tan,10,8,0.7949,0.7273,0.566,0.9091,0.9773,49,True
2026-07-17,Shao Duan,11,9,0.7785,0.9545,0.8868,0.8977,0.375,16,True
2026-07-17,Mingjia Huo,12,10,0.773,0.9091,0.6604,0.6818,0.8409,5,True
2026-07-17,Loay Rashid,13,11,0.7627,0.7386,0.6415,0.8182,0.8523,18,True
2026-07-17,Matthew Noto,14,12,0.7419,0.6818,0.5472,0.8523,0.8864,36,True
2026-07-17,KUAN-HAO HUANG,15,13,0.7354,0.5909,0.8679,0.6705,0.8125,2,True
2026-07-17,KyleShao,16,14,0.7293,0.8636,0.9057,0.7727,0.375,4,True
2026-07-17,Kaiqin Kong,17,14,0.7288,0.9318,0.3585,0.8636,0.7614,30,True
2026-07-17,Yongqi Chen,18,15,0.713,0.8523,0.1132,0.9432,0.9432,74,True
2026-07-17,Mihir Jagtap,19,16,0.6859,0.8295,0.6981,0.8409,0.375,5,True
2026-07-17,Ishan,20,17,0.6724,0.7727,0.9623,0.5795,0.375,2,True
2026-07-17,Ajay Anubolu,21,18,0.6688,0.7614,0.7547,0.7841,0.375,2,True
2026-07-17,Mac Lee,22,19,0.6619,0.8977,0.5,0.875,0.375,17,True
2026-07-17,Hao Zhang,23,20,0.6501,0.4773,0.4528,0.7614,0.9091,4,True
2026-07-17,Raghav K,24,21,0.6477,0.8864,0.5,0.8295,0.375,11,True
2026-07-17,You Zhou,25,22,0.6226,0.5455,0.4906,0.6932,0.7614,3,True
2026-07-17,vishruthb,26,23,0.6187,0.8182,0.6792,0.6023,0.375,1,True
2026-07-17,Eric Liang,27,24,0.5969,0.6591,0.717,0.6364,0.375,1,True
2026-07-17,Aryan Kumar,28,25,0.5852,0.7159,0.5,0.75,0.375,4,True
2026-07-17,RoyWang,29,26,0.5788,0.5795,0.7925,0.5682,0.375,4,True
2026-07-17,jaisurya27,30,27,0.574,0.6477,0.8302,0.4432,0.375,1,True
2026-07-17,Mook,31,27,0.5739,0.7045,0.5,0.7159,0.375,4,True
2026-07-17,Shreejith SG,32,27,0.5717,0.7955,0.3208,0.7955,0.375,6,True
2026-07-17,Hangliang Ding,33,27,0.5693,0.4432,0.283,0.7386,0.8125,9,True
2026-07-17,Guian Fang,34,28,0.5597,0.75,0.5,0.6136,0.375,1,True
2026-07-17,Suckl,35,28,0.5597,0.8068,0.5,0.5568,0.375,1,True
2026-07-17,klhhhhh,36,29,0.554,0.4886,0.9434,0.4091,0.375,2,True
2026-07-17,Ohm-Rishabh,37,29,0.5535,0.625,0.5094,0.7045,0.375,5,True
2026-07-17,Atharv Ramesh,38,30,0.5426,0.6364,0.5,0.6591,0.375,1,True
2026-07-17,rlsu9,39,31,0.5282,0.4318,0.1698,0.6477,0.8636,24,True
2026-07-17,zyang6,40,32,0.5155,0.5682,0.5849,0.5341,0.375,1,True
2026-07-17,sumyyyyy,41,32,0.5142,0.6932,0.5,0.4886,0.375,2,True
2026-07-17,Kared,42,33,0.5028,0.6136,0.5,0.5227,0.375,1,True
2026-07-17,xsank,43,34,0.4915,0.6705,0.5,0.4205,0.375,1,True
2026-07-17,Wei (Will) Feng,44,34,0.4896,0.2159,0.9811,0.3864,0.375,2,True
2026-07-17,Jiali Chen,45,34,0.4883,0.5568,0.3962,0.625,0.375,3,True
2026-07-17,Peng Xiao,46,35,0.483,0.2159,1.0,0.3409,0.375,1,True
2026-07-17,Zhili Yang,47,36,0.4688,0.6023,0.5,0.3977,0.375,1,True
2026-07-17,zainnh,48,37,0.4574,0.4545,0.5,0.5,0.375,1,True
2026-07-17,lb203,49,38,0.4393,0.5227,0.1321,0.7273,0.375,1,True
2026-07-17,KyleNeverGivesUp,50,39,0.4347,0.5,0.5,0.3636,0.375,1,True
2026-07-17,Sopiko Kurdadze,51,40,0.4305,0.4659,0.4151,0.4659,0.375,1,True
2026-07-17,Yuzhou Nie,52,41,0.4239,0.5114,0.3774,0.4318,0.375,1,True
2026-07-17,Xingyu Long,53,41,0.4233,0.2159,0.5,0.1648,0.8125,1,True
2026-07-17,Qi Jia,54,42,0.4134,0.2159,0.4717,0.5909,0.375,2,True
2026-07-17,Brayden Zhong,55,43,0.4105,0.2159,0.5,0.1648,0.7614,2,True
2026-07-17,applesaucethebun,56,44,0.3841,0.2159,0.434,0.5114,0.375,2,True
2026-07-17,Darren,57,45,0.3631,0.2159,0.0943,0.3295,0.8125,5,True
2026-07-17,Zihang-He,58,46,0.3454,0.2159,0.2453,0.5455,0.375,2,True
2026-07-17,Eitan Turok,59,47,0.3425,0.2159,0.3019,0.4773,0.375,1,True
2026-07-17,Junda Chen,60,48,0.3251,0.5341,0.2264,0.1648,0.375,1,True
2026-07-17,Zhaobin Chu,61,49,0.3207,0.2159,0.3396,0.3523,0.375,2,True
2026-07-17,BrianChenn1129,62,50,0.3139,0.2159,0.5,0.1648,0.375,1,True
2026-07-17,Darren Sadr,63,50,0.3139,0.2159,0.5,0.1648,0.375,1,True
2026-07-17,EricLiang,64,50,0.3139,0.2159,0.5,0.1648,0.375,1,True
2026-07-17,Gnav3852,65,50,0.3139,0.2159,0.5,0.1648,0.375,1,True
2026-07-17,Ishan Vaish,66,50,0.3139,0.2159,0.5,0.1648,0.375,2,True
2026-07-17,KyleS1016,67,50,0.3139,0.2159,0.5,0.1648,0.375,1,True
2026-07-17,LinB203,68,50,0.3139,0.2159,0.5,0.1648,0.375,1,True
2026-07-17,Mrinaal Dogra,69,50,0.3139,0.2159,0.5,0.1648,0.375,1,True
2026-07-17,Raghav,70,50,0.3139,0.2159,0.5,0.1648,0.375,1,True
2026-07-17,Runlong,71,50,0.3139,0.2159,0.5,0.1648,0.375,1,True
2026-07-17,Utkarsh Ranjan,72,50,0.3139,0.2159,0.5,0.1648,0.375,1,True
2026-07-17,abaghyangor,73,50,0.3139,0.2159,0.5,0.1648,0.375,1,True
2026-07-17,ainsley,74,50,0.3139,0.2159,0.5,0.1648,0.375,1,True
2026-07-17,guangyi,75,50,0.3139,0.2159,0.5,0.1648,0.375,1,True
2026-07-17,kiritorl,76,50,0.3139,0.2159,0.5,0.1648,0.375,1,True
2026-07-17,leffff,77,50,0.3139,0.2159,0.5,0.1648,0.375,1,True
2026-07-17,root,78,50,0.3139,0.2159,0.5,0.1648,0.375,1,True
2026-07-17,roywang <roywang>,79,50,0.3139,0.2159,0.5,0.1648,0.375,3,True
2026-07-17,zbchu2,80,50,0.3139,0.2159,0.5,0.1648,0.375,2,True
2026-07-17,肖鹏,81,50,0.3139,0.2159,0.5,0.1648,0.375,1,True
2026-07-17,Kevinzz,82,51,0.3085,0.2159,0.1887,0.4545,0.375,1,True
2026-07-17,Luis Catacora,83,52,0.2934,0.2159,0.2075,0.375,0.375,1,True
2026-07-17,Ketaki Tank,84,53,0.2267,0.2159,0.1509,0.1648,0.375,2,True
2026-07-17,MartinPernus,85,54,0.2007,0.2159,0.0472,0.1648,0.375,1,True
2026-07-17,Tuyabei,86,54,0.2007,0.2159,0.0472,0.1648,0.375,1,True
2026-07-17,Y-aang,87,54,0.2007,0.2159,0.0472,0.1648,0.375,1,True
2026-07-17,eeecho,88,54,0.2007,0.2159,0.0472,0.1648,0.375,1,True
2026-07-20,alexzms,1,1,0.953,0.9775,0.9245,0.9551,0.9551,54,True
2026-07-20,William Lin,2,2,0.9434,1.0,0.7736,1.0,1.0,359,True
2026-07-20,Junda Su,3,3,0.87,0.9888,0.6038,0.9663,0.9213,38,True
2026-07-20,Satyam Srivastava,4,3,0.8686,0.8427,0.8113,0.9213,0.8989,12,True
2026-07-20,Jinzhe Pan,5,4,0.854,0.9438,0.5283,0.9775,0.9663,47,True
2026-07-20,Wei Zhou,6,4,0.8523,0.9213,0.6226,0.9326,0.9326,33,True
2026-07-20,Kevin Lin,7,5,0.8441,0.8764,0.7358,0.8876,0.8764,49,True
2026-07-20,XOR-op,8,6,0.8125,0.7865,0.8679,0.809,0.7865,31,True
2026-07-20,Zhang Peiyuan,9,7,0.802,0.9663,0.2642,0.9888,0.9888,134,True
2026-07-20,Wenxuan Tan,10,8,0.796,0.7303,0.566,0.9101,0.9775,49,True
2026-07-20,Shao Duan,11,9,0.7793,0.9551,0.8868,0.8989,0.3764,16,True
2026-07-20,Mingjia Huo,12,10,0.7746,0.9101,0.6604,0.6854,0.8427,5,True
2026-07-20,Loay Rashid,13,11,0.7643,0.7416,0.6415,0.8202,0.8539,18,True
2026-07-20,Matthew Noto,14,12,0.7407,0.6854,0.5472,0.8427,0.8876,36,True
2026-07-20,KUAN-HAO HUANG,15,13,0.7333,0.5955,0.8491,0.6742,0.8146,2,True
2026-07-20,KyleShao,16,14,0.7306,0.8652,0.9057,0.7753,0.3764,4,True
2026-07-20,Kaiqin Kong,17,14,0.7301,0.9326,0.3585,0.8652,0.764,30,True
2026-07-20,Yongqi Chen,18,15,0.7137,0.8539,0.1132,0.9438,0.9438,74,True
2026-07-20,Mihir Jagtap,19,16,0.69,0.8315,0.6981,0.8539,0.3764,5,True
2026-07-20,Ishan,20,17,0.6746,0.7753,0.9623,0.5843,0.3764,2,True
2026-07-20,Ajay Anubolu,21,18,0.6704,0.764,0.7547,0.7865,0.3764,2,True
2026-07-20,Mac Lee,22,19,0.6629,0.8989,0.5,0.8764,0.3764,17,True
2026-07-20,Hao Zhang,23,20,0.6525,0.4831,0.4528,0.764,0.9101,4,True
2026-07-20,Raghav K,24,21,0.6489,0.8876,0.5,0.8315,0.3764,11,True
2026-07-20,You Zhou,25,22,0.6255,0.5506,0.4906,0.6966,0.764,3,True
2026-07-20,vishruthb,26,23,0.6207,0.8202,0.6792,0.6067,0.3764,1,True
2026-07-20,Eric Liang,27,24,0.5992,0.6629,0.717,0.6404,0.3764,1,True
2026-07-20,Aryan Kumar,28,25,0.5871,0.7191,0.5,0.7528,0.3764,4,True
2026-07-20,RoyWang,29,26,0.5815,0.5843,0.7925,0.573,0.3764,4,True
2026-07-20,Mook,30,27,0.5758,0.7079,0.5,0.7191,0.3764,4,True
2026-07-20,jaisurya27,31,27,0.5741,0.6517,0.8302,0.4382,0.3764,1,True
2026-07-20,Shreejith SG,32,27,0.5732,0.7978,0.3208,0.7978,0.3764,6,True
2026-07-20,Hangliang Ding,33,27,0.5722,0.4494,0.283,0.7416,0.8146,9,True
2026-07-20,Suckl,34,28,0.5618,0.809,0.5,0.5618,0.3764,1,True
2026-07-20,Guian Fang,35,28,0.5618,0.7528,0.5,0.618,0.3764,1,True
2026-07-20,klhhhhh,36,29,0.5575,0.4944,0.9434,0.4157,0.3764,2,True
2026-07-20,Ohm-Rishabh,37,29,0.5557,0.6292,0.5094,0.7079,0.3764,5,True
2026-07-20,Atharv Ramesh,38,30,0.5449,0.6404,0.5,0.6629,0.3764,1,True
2026-07-20,rlsu9,39,31,0.5312,0.4382,0.1698,0.6517,0.8652,24,True
2026-07-20,zyang6,40,32,0.5184,0.573,0.5849,0.5393,0.3764,1,True
2026-07-20,sumyyyyy,41,32,0.5169,0.6966,0.5,0.4944,0.3764,2,True
2026-07-20,Kared,42,33,0.5056,0.618,0.5,0.5281,0.3764,1,True
2026-07-20,xsank,43,34,0.4944,0.6742,0.5,0.427,0.3764,1,True
2026-07-20,Wei (Will) Feng,44,34,0.4925,0.2191,0.9811,0.3933,0.3764,2,True
2026-07-20,Jiali Chen,45,34,0.4909,0.5618,0.3962,0.6292,0.3764,3,True
2026-07-20,Peng Xiao,46,35,0.486,0.2191,1.0,0.3483,0.3764,1,True
2026-07-20,Zhili Yang,47,36,0.4719,0.6067,0.5,0.4045,0.3764,1,True
2026-07-20,zainnh,48,37,0.4607,0.4607,0.5,0.5056,0.3764,1,True
2026-07-20,lb203,49,38,0.4417,0.5281,0.1321,0.7303,0.3764,1,True
2026-07-20,KyleNeverGivesUp,50,39,0.4382,0.5056,0.5,0.3708,0.3764,1,True
2026-07-20,Sopiko Kurdadze,51,40,0.4338,0.4719,0.4151,0.4719,0.3764,1,True
2026-07-20,Yuzhou Nie,52,41,0.43,0.5169,0.3774,0.4494,0.3764,1,True
2026-07-20,Xingyu Long,53,42,0.4256,0.2191,0.5,0.1685,0.8146,1,True
2026-07-20,Qi Jia,54,43,0.4157,0.2191,0.4717,0.5955,0.3764,2,True
2026-07-20,Brayden Zhong,55,44,0.4129,0.2191,0.5,0.1685,0.764,2,True
2026-07-20,applesaucethebun,56,45,0.3866,0.2191,0.434,0.5169,0.3764,2,True
2026-07-20,Darren,57,46,0.3663,0.2191,0.0943,0.3371,0.8146,5,True
2026-07-20,Zihang-He,58,47,0.3478,0.2191,0.2453,0.5506,0.3764,2,True
2026-07-20,Eitan Turok,59,48,0.3451,0.2191,0.3019,0.4831,0.3764,1,True
2026-07-20,Junda Chen,60,49,0.3277,0.5393,0.2264,0.1685,0.3764,1,True
2026-07-20,Zhaobin Chu,61,50,0.3237,0.2191,0.3396,0.3596,0.3764,2,True
2026-07-20,BrianChenn1129,62,51,0.316,0.2191,0.5,0.1685,0.3764,1,True
2026-07-20,Darren Sadr,63,51,0.316,0.2191,0.5,0.1685,0.3764,1,True
2026-07-20,EricLiang,64,51,0.316,0.2191,0.5,0.1685,0.3764,1,True
2026-07-20,Gnav3852,65,51,0.316,0.2191,0.5,0.1685,0.3764,1,True
2026-07-20,Ishan Vaish,66,51,0.316,0.2191,0.5,0.1685,0.3764,2,True
2026-07-20,KyleS1016,67,51,0.316,0.2191,0.5,0.1685,0.3764,1,True
2026-07-20,LinB203,68,51,0.316,0.2191,0.5,0.1685,0.3764,1,True
2026-07-20,Mrinaal Dogra,69,51,0.316,0.2191,0.5,0.1685,0.3764,1,True
2026-07-20,Peiyuan,70,51,0.316,0.2191,0.5,0.1685,0.3764,1,True
2026-07-20,Raghav,71,51,0.316,0.2191,0.5,0.1685,0.3764,1,True
2026-07-20,Runlong,72,51,0.316,0.2191,0.5,0.1685,0.3764,1,True
2026-07-20,Utkarsh Ranjan,73,51,0.316,0.2191,0.5,0.1685,0.3764,1,True
2026-07-20,abaghyangor,74,51,0.316,0.2191,0.5,0.1685,0.3764,1,True
2026-07-20,ainsley,75,51,0.316,0.2191,0.5,0.1685,0.3764,1,True
2026-07-20,guangyi,76,51,0.316,0.2191,0.5,0.1685,0.3764,1,True
2026-07-20,kiritorl,77,51,0.316,0.2191,0.5,0.1685,0.3764,1,True
2026-07-20,leffff,78,51,0.316,0.2191,0.5,0.1685,0.3764,1,True
2026-07-20,root,79,51,0.316,0.2191,0.5,0.1685,0.3764,1,True
2026-07-20,roywang <roywang>,80,51,0.316,0.2191,0.5,0.1685,0.3764,3,True
2026-07-20,zbchu2,81,51,0.316,0.2191,0.5,0.1685,0.3764,2,True
2026-07-20,肖鹏,82,51,0.316,0.2191,0.5,0.1685,0.3764,1,True
2026-07-20,Kevinzz,83,52,0.3112,0.2191,0.1887,0.4607,0.3764,1,True
2026-07-20,Luis Catacora,84,53,0.2963,0.2191,0.2075,0.382,0.3764,1,True
2026-07-20,Ketaki Tank,85,54,0.2287,0.2191,0.1509,0.1685,0.3764,2,True
2026-07-20,MartinPernus,86,55,0.2028,0.2191,0.0472,0.1685,0.3764,1,True
2026-07-20,Tuyabei,87,55,0.2028,0.2191,0.0472,0.1685,0.3764,1,True
2026-07-20,Y-aang,88,55,0.2028,0.2191,0.0472,0.1685,0.3764,1,True
2026-07-20,eeecho,89,55,0.2028,0.2191,0.0472,0.1685,0.3764,1,True
2026-07-27,alexzms,1,1,0.9617,0.9783,0.9444,0.9674,0.9565,54,True
2026-07-27,William Lin,2,2,0.9444,1.0,0.7778,1.0,1.0,365,True
2026-07-27,Satyam Srivastava,3,3,0.8676,0.8478,0.7963,0.9239,0.9022,12,True
2026-07-27,Junda Su,4,3,0.8655,0.9891,0.5926,0.9565,0.9239,38,True
2026-07-27,Jinzhe Pan,5,4,0.8571,0.9457,0.537,0.9783,0.9674,47,True
2026-07-27,Wei Zhou,6,5,0.8484,0.913,0.6111,0.9348,0.9348,33,True
2026-07-27,Kevin Lin,7,6,0.8409,0.8804,0.7222,0.8804,0.8804,49,True
2026-07-27,XOR-op,8,7,0.8236,0.7935,0.8704,0.837,0.7935,31,True
2026-07-27,Zhang Peiyuan,9,8,0.8012,0.9674,0.2593,0.9891,0.9891,134,True
2026-07-27,Wenxuan Tan,10,9,0.7938,0.7283,0.5556,0.913,0.9783,49,True
2026-07-27,Shao Duan,11,10,0.782,0.9565,0.8889,0.9022,0.3804,16,True
2026-07-27,Mingjia Huo,12,11,0.7789,0.9022,0.6481,0.7174,0.8478,5,True
2026-07-27,Loay Rashid,13,12,0.7607,0.7391,0.6296,0.8152,0.8587,18,True
2026-07-27,Matthew Noto,14,13,0.7356,0.6848,0.5185,0.8478,0.8913,36,True
2026-07-27,KyleShao,15,13,0.735,0.8696,0.9074,0.7826,0.3804,4,True
2026-07-27,Kaiqin Kong,16,14,0.732,0.9348,0.3519,0.8696,0.7717,30,True
2026-07-27,KUAN-HAO HUANG,17,14,0.7314,0.5978,0.8333,0.6739,0.8207,2,True
2026-07-27,Yongqi Chen,18,15,0.7153,0.8587,0.1111,0.9457,0.9457,74,True
2026-07-27,Mihir Jagtap,19,16,0.6903,0.837,0.6852,0.8587,0.3804,5,True
2026-07-27,Ishan,20,17,0.681,0.7826,0.963,0.5978,0.3804,2,True
2026-07-27,Mac Lee,21,18,0.6739,0.9239,0.5,0.8913,0.3804,18,True
2026-07-27,Ajay Anubolu,22,18,0.6716,0.7717,0.7407,0.7935,0.3804,2,True
2026-07-27,Mook,23,19,0.6575,0.7065,0.8148,0.7283,0.3804,4,True
2026-07-27,Hao Zhang,24,20,0.6519,0.4783,0.4444,0.7717,0.913,4,True
2026-07-27,Raghav K,25,20,0.6495,0.8913,0.5,0.8261,0.3804,11,True
2026-07-27,vishruthb,26,21,0.6286,0.8261,0.6667,0.6413,0.3804,1,True
2026-07-27,You Zhou,27,22,0.6231,0.5543,0.4815,0.6848,0.7717,3,True
2026-07-27,Eric Liang,28,23,0.5998,0.663,0.7037,0.6522,0.3804,1,True
2026-07-27,Aryan Kumar,29,24,0.5897,0.7174,0.5,0.7609,0.3804,4,True
2026-07-27,RoyWang,30,25,0.5784,0.587,0.7593,0.587,0.3804,4,True
2026-07-27,jaisurya27,31,25,0.5771,0.6522,0.8519,0.4239,0.3804,1,True
2026-07-27,Hangliang Ding,32,25,0.5762,0.4565,0.2778,0.75,0.8207,9,True
2026-07-27,Shreejith SG,33,25,0.576,0.8043,0.3148,0.8043,0.3804,6,True
2026-07-27,Suckl,34,26,0.5679,0.8152,0.5,0.5761,0.3804,1,True
2026-07-27,Guian Fang,35,27,0.5625,0.75,0.5,0.6196,0.3804,1,True
2026-07-27,Atharv Ramesh,36,28,0.5571,0.6413,0.5,0.7065,0.3804,1,True
2026-07-27,Ohm-Rishabh,37,29,0.5516,0.6304,0.5,0.6957,0.3804,5,True
2026-07-27,klhhhhh,38,30,0.5467,0.4891,0.9259,0.3913,0.3804,2,True
2026-07-27,rlsu9,39,31,0.5362,0.4457,0.1667,0.663,0.8696,24,True
2026-07-27,leffff,40,32,0.5217,0.7609,0.5,0.4457,0.3804,2,True
2026-07-27,sumyyyyy,41,33,0.519,0.6957,0.5,0.5,0.3804,2,True
2026-07-27,zyang6,42,33,0.5185,0.5761,0.5741,0.5435,0.3804,1,True
2026-07-27,Kared,43,34,0.5082,0.6196,0.5,0.5326,0.3804,1,True
2026-07-27,xsank,44,35,0.4918,0.6739,0.5,0.413,0.3804,1,True
2026-07-27,Wei (Will) Feng,45,35,0.4913,0.2228,0.9815,0.3804,0.3804,2,True
2026-07-27,Jiali Chen,46,35,0.4912,0.5652,0.3889,0.6304,0.3804,3,True
2026-07-27,Adriel Fung,47,36,0.4837,0.5326,0.5,0.5217,0.3804,1,True
2026-07-27,Peng Xiao,48,36,0.4823,0.2228,1.0,0.3261,0.3804,1,True
2026-07-27,Zhili Yang,49,37,0.4728,0.6087,0.5,0.4022,0.3804,1,True
2026-07-27,lb203,50,38,0.4427,0.5217,0.1296,0.7391,0.3804,1,True
2026-07-27,KyleNeverGivesUp,51,39,0.4321,0.5,0.5,0.3478,0.3804,1,True
2026-07-27,Sopiko Kurdadze,52,39,0.4307,0.4674,0.4074,0.4674,0.3804,1,True
2026-07-27,Xingyu Long,53,40,0.4253,0.2228,0.5,0.1576,0.8207,1,True
2026-07-27,Yuzhou Nie,54,40,0.4241,0.5109,0.3704,0.4348,0.3804,1,True
2026-07-27,Qi Jia,55,41,0.4187,0.2228,0.463,0.6087,0.3804,2,True
2026-07-27,Yogya Mehrotra,56,42,0.4144,0.2228,0.5,0.5543,0.3804,1,True
2026-07-27,Brayden Zhong,57,42,0.413,0.2228,0.5,0.1576,0.7717,2,True
2026-07-27,zainnh,58,43,0.3981,0.2228,0.5,0.4891,0.3804,1,True
2026-07-27,applesaucethebun,59,44,0.385,0.2228,0.4259,0.5109,0.3804,2,True
2026-07-27,pkisfaludi-nv,60,45,0.3655,0.2228,0.5,0.3587,0.3804,1,True
2026-07-27,Darren,61,45,0.3628,0.2228,0.0926,0.3152,0.8207,5,True
2026-07-27,Zihang-He,62,46,0.3523,0.2228,0.2407,0.5652,0.3804,2,True
2026-07-27,Eitan Turok,63,47,0.3445,0.2228,0.2963,0.4783,0.3804,1,True
2026-07-27,Junda Chen,64,48,0.3259,0.5435,0.2222,0.1576,0.3804,1,True
2026-07-27,Zhaobin Chu,65,49,0.3184,0.2228,0.3333,0.337,0.3804,2,True
2026-07-27,BrianChenn1129,66,50,0.3152,0.2228,0.5,0.1576,0.3804,1,True
2026-07-27,Darren Sadr,67,50,0.3152,0.2228,0.5,0.1576,0.3804,1,True
2026-07-27,EricLiang,68,50,0.3152,0.2228,0.5,0.1576,0.3804,1,True
2026-07-27,Gnav3852,69,50,0.3152,0.2228,0.5,0.1576,0.3804,1,True
2026-07-27,Ishan Vaish,70,50,0.3152,0.2228,0.5,0.1576,0.3804,2,True
2026-07-27,KyleS1016,71,50,0.3152,0.2228,0.5,0.1576,0.3804,1,True
2026-07-27,LinB203,72,50,0.3152,0.2228,0.5,0.1576,0.3804,1,True
2026-07-27,Mrinaal Dogra,73,50,0.3152,0.2228,0.5,0.1576,0.3804,1,True
2026-07-27,Peiyuan,74,50,0.3152,0.2228,0.5,0.1576,0.3804,1,True
2026-07-27,Raghav,75,50,0.3152,0.2228,0.5,0.1576,0.3804,1,True
2026-07-27,Runlong,76,50,0.3152,0.2228,0.5,0.1576,0.3804,1,True
2026-07-27,Utkarsh Ranjan,77,50,0.3152,0.2228,0.5,0.1576,0.3804,1,True
2026-07-27,abaghyangor,78,50,0.3152,0.2228,0.5,0.1576,0.3804,1,True
2026-07-27,ainsley,79,50,0.3152,0.2228,0.5,0.1576,0.3804,1,True
2026-07-27,guangyi,80,50,0.3152,0.2228,0.5,0.1576,0.3804,1,True
2026-07-27,kiritorl,81,50,0.3152,0.2228,0.5,0.1576,0.3804,1,True
2026-07-27,root,82,50,0.3152,0.2228,0.5,0.1576,0.3804,1,True
2026-07-27,roywang <roywang>,83,50,0.3152,0.2228,0.5,0.1576,0.3804,3,True
2026-07-27,zbchu2,84,50,0.3152,0.2228,0.5,0.1576,0.3804,2,True
2026-07-27,肖鹏,85,50,0.3152,0.2228,0.5,0.1576,0.3804,1,True
2026-07-27,Kevinzz,86,51,0.3112,0.2228,0.1852,0.4565,0.3804,1,True
2026-07-27,Luis Catacora,87,52,0.2941,0.2228,0.2037,0.3696,0.3804,1,True
2026-07-27,Ketaki Tank,88,53,0.2273,0.2228,0.1481,0.1576,0.3804,2,True
2026-07-27,MartinPernus,89,54,0.2018,0.2228,0.0463,0.1576,0.3804,1,True
2026-07-27,Tuyabei,90,54,0.2018,0.2228,0.0463,0.1576,0.3804,1,True
2026-07-27,Y-aang,91,54,0.2018,0.2228,0.0463,0.1576,0.3804,1,True
2026-07-27,eeecho,92,54,0.2018,0.2228,0.0463,0.1576,0.3804,1,True
2026-08-03,alexzms,1,1,0.9598,0.9789,0.9444,0.9579,0.9579,54,True
2026-08-03,William Lin,2,2,0.9491,1.0,0.7963,1.0,1.0,377,True
2026-08-03,Junda Su,3,3,0.8692,0.9895,0.5926,0.9684,0.9263,38,True
2026-08-03,Jinzhe Pan,4,4,0.8579,0.9474,0.537,0.9789,0.9684,47,True
2026-08-03,Satyam Srivastava,5,4,0.8562,0.8526,0.7407,0.9263,0.9053,12,True
2026-08-03,Wei Zhou,6,5,0.8501,0.9158,0.6111,0.9368,0.9368,33,True
2026-08-03,Kevin Lin,7,6,0.8463,0.8842,0.7222,0.8947,0.8842,49,True
2026-08-03,XOR-op,8,7,0.8281,0.8,0.8704,0.8421,0.8,31,True
2026-08-03,Zhang Peiyuan,9,8,0.8017,0.9684,0.2593,0.9895,0.9895,134,True
2026-08-03,Wenxuan Tan,10,9,0.7968,0.7368,0.5556,0.9158,0.9789,49,True
2026-08-03,Mingjia Huo,11,9,0.7962,0.9053,0.6481,0.7789,0.8526,5,True
2026-08-03,Shao Duan,12,10,0.7841,0.9579,0.8889,0.9053,0.3842,16,True
2026-08-03,Loay Rashid,13,11,0.7653,0.7474,0.6296,0.8211,0.8632,18,True
2026-08-03,Matthew Noto,14,12,0.7402,0.6947,0.5185,0.8526,0.8947,36,True
2026-08-03,KyleShao,15,12,0.7387,0.8737,0.9074,0.7895,0.3842,4,True
2026-08-03,KUAN-HAO HUANG,16,13,0.736,0.6,0.8333,0.6842,0.8263,2,True
2026-08-03,Kaiqin Kong,17,13,0.7353,0.9368,0.3519,0.8737,0.7789,30,True
2026-08-03,Yongqi Chen,18,14,0.7173,0.8632,0.1111,0.9474,0.9474,74,True
2026-08-03,Mihir Jagtap,19,15,0.6937,0.8421,0.6852,0.8632,0.3842,5,True
2026-08-03,Ishan,20,16,0.6868,0.7895,0.963,0.6105,0.3842,2,True
2026-08-03,Ajay Anubolu,21,17,0.6806,0.7789,0.7593,0.8,0.3842,2,True
2026-08-03,Mac Lee,22,18,0.6737,0.9263,0.5,0.8842,0.3842,18,True
2026-08-03,Mook,23,19,0.6603,0.7158,0.8148,0.7263,0.3842,4,True
2026-08-03,Hao Zhang,24,20,0.6532,0.4842,0.4444,0.7684,0.9158,4,True
2026-08-03,Raghav K,25,20,0.6526,0.8947,0.5,0.8316,0.3842,11,True
2026-08-03,vishruthb,26,21,0.6285,0.8316,0.6667,0.6316,0.3842,1,True
2026-08-03,You Zhou,27,21,0.6283,0.5579,0.4815,0.6947,0.7789,3,True
2026-08-03,Eric Liang,28,22,0.6036,0.6632,0.7037,0.6632,0.3842,1,True
2026-08-03,Aryan Kumar,29,23,0.5921,0.7263,0.5,0.7579,0.3842,4,True
2026-08-03,RoyWang,30,24,0.5879,0.5895,0.7778,0.6,0.3842,4,True
2026-08-03,Hangliang Ding,31,25,0.5833,0.4632,0.2963,0.7474,0.8263,9,True
2026-08-03,Shreejith SG,32,26,0.58,0.8105,0.3148,0.8105,0.3842,6,True
2026-08-03,jaisurya27,33,27,0.5774,0.6526,0.8519,0.4211,0.3842,1,True
2026-08-03,Suckl,34,28,0.5737,0.8211,0.5,0.5895,0.3842,1,True
2026-08-03,Guian Fang,35,29,0.5711,0.7579,0.5,0.6421,0.3842,1,True
2026-08-03,Atharv Ramesh,36,30,0.5605,0.6421,0.5,0.7158,0.3842,1,True
2026-08-03,Ohm-Rishabh,37,31,0.5553,0.6316,0.5,0.7053,0.3842,5,True
2026-08-03,klhhhhh,38,32,0.5486,0.4947,0.9259,0.3895,0.3842,2,True
2026-08-03,rlsu9,39,33,0.5417,0.4526,0.1667,0.6737,0.8737,24,True
2026-08-03,leffff,40,34,0.5316,0.7684,0.5,0.4737,0.3842,2,True
2026-08-03,zyang6,41,35,0.5238,0.5789,0.5741,0.5579,0.3842,1,True
2026-08-03,sumyyyyy,42,36,0.5211,0.7053,0.5,0.4947,0.3842,2,True
2026-08-03,Kared,43,37,0.5079,0.6211,0.5,0.5263,0.3842,1,True
2026-08-03,Jiali Chen,44,38,0.4985,0.5684,0.3889,0.6526,0.3842,3,True
2026-08-03,KyleNeverGivesUp,45,39,0.4947,0.5474,0.5,0.5474,0.3842,2,True
2026-08-03,xsank,46,39,0.4947,0.6842,0.5,0.4105,0.3842,1,True
2026-08-03,Wei (Will) Feng,47,40,0.4927,0.2263,0.9815,0.3789,0.3842,2,True
2026-08-03,Peng Xiao,48,41,0.4842,0.2263,1.0,0.3263,0.3842,1,True
2026-08-03,Adriel Fung,49,42,0.4816,0.5263,0.5,0.5158,0.3842,1,True
2026-08-03,Zhili Yang,50,43,0.4737,0.6105,0.5,0.4,0.3842,1,True
2026-08-03,lb203,51,44,0.4416,0.5158,0.1296,0.7368,0.3842,1,True
2026-08-03,Sopiko Kurdadze,52,45,0.4321,0.4737,0.4074,0.4632,0.3842,1,True
2026-08-03,Adhvay Iyer,53,46,0.4289,0.6737,0.5,0.1579,0.3842,1,True
2026-08-03,Xingyu Long,54,46,0.4276,0.2263,0.5,0.1579,0.8263,1,True
2026-08-03,Qi Jia,55,47,0.4236,0.2263,0.463,0.6211,0.3842,2,True
2026-08-03,Yuzhou Nie,56,47,0.4229,0.5053,0.3704,0.4316,0.3842,1,True
2026-08-03,Yogya Mehrotra,57,48,0.4197,0.2263,0.5,0.5684,0.3842,1,True
2026-08-03,Brayden Zhong,58,49,0.4158,0.2263,0.5,0.1579,0.7789,2,True
2026-08-03,Suhaan Khurana,59,50,0.4118,0.2263,0.5,0.5368,0.3842,1,True
2026-08-03,zainnh,60,51,0.3987,0.2263,0.5,0.4842,0.3842,1,True
2026-08-03,applesaucethebun,61,52,0.3854,0.2263,0.4259,0.5053,0.3842,2,True
2026-08-03,Utkarsh Ranjan,62,53,0.3671,0.2263,0.5,0.3579,0.3842,1,True
2026-08-03,Darren,63,53,0.3653,0.2263,0.0926,0.3158,0.8263,5,True
2026-08-03,pkisfaludi-nv,64,53,0.3645,0.2263,0.5,0.3474,0.3842,1,True
2026-08-03,Zihang-He,65,54,0.3576,0.2263,0.2407,0.5789,0.3842,2,True
2026-08-03,Eitan Turok,66,55,0.3326,0.2263,0.2778,0.4421,0.3842,1,True
2026-08-03,Junda Chen,67,56,0.3253,0.5368,0.2222,0.1579,0.3842,1,True
2026-08-03,Zhaobin Chu,68,57,0.3202,0.2263,0.3333,0.3368,0.3842,2,True
2026-08-03,BrianChenn1129,69,58,0.3171,0.2263,0.5,0.1579,0.3842,1,True
2026-08-03,Darren Sadr,70,58,0.3171,0.2263,0.5,0.1579,0.3842,1,True
2026-08-03,EricLiang,71,58,0.3171,0.2263,0.5,0.1579,0.3842,1,True
2026-08-03,Gnav3852,72,58,0.3171,0.2263,0.5,0.1579,0.3842,1,True
2026-08-03,Ishan Vaish,73,58,0.3171,0.2263,0.5,0.1579,0.3842,2,True
2026-08-03,KyleS1016,74,58,0.3171,0.2263,0.5,0.1579,0.3842,1,True
2026-08-03,LinB203,75,58,0.3171,0.2263,0.5,0.1579,0.3842,1,True
2026-08-03,Mrinaal Dogra,76,58,0.3171,0.2263,0.5,0.1579,0.3842,1,True
2026-08-03,Peiyuan,77,58,0.3171,0.2263,0.5,0.1579,0.3842,1,True
2026-08-03,Raghav,78,58,0.3171,0.2263,0.5,0.1579,0.3842,1,True
2026-08-03,Runlong,79,58,0.3171,0.2263,0.5,0.1579,0.3842,1,True
2026-08-03,abaghyangor,80,58,0.3171,0.2263,0.5,0.1579,0.3842,1,True
2026-08-03,ainsley,81,58,0.3171,0.2263,0.5,0.1579,0.3842,1,True
2026-08-03,guangyi,82,58,0.3171,0.2263,0.5,0.1579,0.3842,1,True
2026-08-03,kiritorl,83,58,0.3171,0.2263,0.5,0.1579,0.3842,1,True
2026-08-03,root,84,58,0.3171,0.2263,0.5,0.1579,0.3842,1,True
2026-08-03,roywang <roywang>,85,58,0.3171,0.2263,0.5,0.1579,0.3842,3,True
2026-08-03,ryanM154,86,58,0.3171,0.2263,0.5,0.1579,0.3842,1,True
2026-08-03,zbchu2,87,58,0.3171,0.2263,0.5,0.1579,0.3842,2,True
2026-08-03,肖鹏,88,58,0.3171,0.2263,0.5,0.1579,0.3842,1,True
2026-08-03,Kevinzz,89,59,0.3121,0.2263,0.1852,0.4526,0.3842,1,True
2026-08-03,Luis Catacora,90,60,0.2957,0.2263,0.2037,0.3684,0.3842,1,True
2026-08-03,Ketaki Tank,91,61,0.2291,0.2263,0.1481,0.1579,0.3842,2,True
2026-08-03,MartinPernus,92,62,0.2037,0.2263,0.0463,0.1579,0.3842,1,True
2026-08-03,Tuyabei,93,62,0.2037,0.2263,0.0463,0.1579,0.3842,1,True
2026-08-03,Y-aang,94,62,0.2037,0.2263,0.0463,0.1579,0.3842,1,True
2026-08-03,eeecho,95,62,0.2037,0.2263,0.0463,0.1579,0.3842,1,True
2026-08-10,William Lin,1,1,0.9688,1.0,0.875,1.0,1.0,387,True
2026-08-10,alexzms,2,2,0.9606,0.9792,0.9464,0.9583,0.9583,54,True
2026-08-10,Satyam Srivastava,3,3,0.8824,0.8646,0.8214,0.9271,0.9167,12,True
2026-08-10,Junda Su,4,4,0.8731,0.9896,0.6071,0.9688,0.9271,39,True
2026-08-10,Kevin Lin,5,5,0.8676,0.8854,0.8036,0.8958,0.8854,49,True
2026-08-10,Jinzhe Pan,6,6,0.8597,0.9375,0.5536,0.9792,0.9688,47,True
2026-08-10,Wei Zhou,7,7,0.8542,0.9167,0.625,0.9375,0.9375,33,True
2026-08-10,Mingjia Huo,8,8,0.8025,0.9062,0.6786,0.7708,0.8542,5,True
2026-08-10,Zhang Peiyuan,9,9,0.7995,0.9688,0.25,0.9896,0.9896,134,True
2026-08-10,Wenxuan Tan,10,10,0.7902,0.7292,0.5357,0.9167,0.9792,49,True
2026-08-10,Shao Duan,11,11,0.7768,0.9583,0.8571,0.9062,0.3854,18,True
2026-08-10,Loay Rashid,12,12,0.7701,0.7396,0.6429,0.8333,0.8646,18,True
2026-08-10,XOR-op,13,13,0.7667,0.7812,0.6607,0.8229,0.8021,31,True
2026-08-10,KUAN-HAO HUANG,14,14,0.755,0.5938,0.9107,0.6875,0.8281,2,True
2026-08-10,Matthew Noto,15,15,0.7388,0.6875,0.5179,0.8542,0.8958,36,True
2026-08-10,Kaiqin Kong,16,16,0.7359,0.9479,0.3393,0.875,0.7812,32,True
2026-08-10,KyleShao,17,17,0.7336,0.8542,0.8929,0.8021,0.3854,4,True
2026-08-10,Yongqi Chen,18,18,0.7195,0.875,0.1071,0.9479,0.9479,74,True
2026-08-10,Mihir Jagtap,19,19,0.7109,0.8438,0.75,0.8646,0.3854,5,True
2026-08-10,Ishan,20,20,0.6994,0.7917,0.9643,0.6562,0.3854,2,True
2026-08-10,Ajay Anubolu,21,21,0.6968,0.7708,0.8393,0.7917,0.3854,2,True
2026-08-10,Mac Lee,22,22,0.6745,0.9271,0.5,0.8854,0.3854,18,True
2026-08-10,Raghav K,23,22,0.6741,0.8958,0.5714,0.8438,0.3854,13,True
2026-08-10,Hao Zhang,24,23,0.6488,0.4792,0.4286,0.7812,0.9062,4,True
2026-08-10,vishruthb,25,24,0.6451,0.8229,0.7679,0.6042,0.3854,1,True
2026-08-10,Mook,26,25,0.6343,0.7083,0.7143,0.7292,0.3854,4,True
2026-08-10,You Zhou,27,26,0.6283,0.5521,0.4821,0.6979,0.7812,3,True
2026-08-10,Eric Liang,28,27,0.6261,0.6562,0.7857,0.6771,0.3854,1,True
2026-08-10,Aryan Kumar,29,28,0.5911,0.7188,0.5,0.7604,0.3854,4,True
2026-08-10,Kai,30,29,0.5859,0.8333,0.5,0.625,0.3854,1,True
2026-08-10,Hangliang Ding,31,30,0.5805,0.4583,0.2857,0.75,0.8281,9,True
2026-08-10,Shreejith SG,32,31,0.5759,0.8021,0.3036,0.8125,0.3854,6,True
2026-08-10,RoyWang,33,32,0.5711,0.5729,0.7321,0.5938,0.3854,4,True
2026-08-10,Guian Fang,34,32,0.5703,0.75,0.5,0.6458,0.3854,1,True
2026-08-10,Suckl,35,32,0.5703,0.8125,0.5,0.5833,0.3854,1,True
2026-08-10,Atharv Ramesh,36,33,0.5547,0.625,0.5,0.7083,0.3854,1,True
2026-08-10,klhhhhh,37,34,0.5472,0.4896,0.9286,0.3854,0.3854,2,True
2026-08-10,Ohm-Rishabh,38,35,0.5432,0.6042,0.4643,0.7188,0.3854,5,True
2026-08-10,rlsu9,39,36,0.5376,0.4479,0.1607,0.6667,0.875,24,True
2026-08-10,jaisurya27,40,37,0.5335,0.6458,0.6964,0.4062,0.3854,1,True
2026-08-10,zyang6,41,38,0.5301,0.5833,0.5893,0.5625,0.3854,1,True
2026-08-10,leffff,42,39,0.526,0.7604,0.5,0.4583,0.3854,2,True
2026-08-10,Kared,43,40,0.5156,0.6354,0.5,0.5417,0.3854,1,True
2026-08-10,sumyyyyy,44,41,0.513,0.6771,0.5,0.4896,0.3854,2,True
2026-08-10,xsank,45,42,0.4922,0.6667,0.5,0.4167,0.3854,1,True
2026-08-10,Wei (Will) Feng,46,42,0.4916,0.224,0.9821,0.375,0.3854,2,True
2026-08-10,KyleNeverGivesUp,47,43,0.487,0.5417,0.5,0.5208,0.3854,3,True
2026-08-10,Jiali Chen,48,43,0.4851,0.5625,0.3571,0.6354,0.3854,3,True
2026-08-10,Peng Xiao,49,44,0.4805,0.224,1.0,0.3125,0.3854,1,True
2026-08-10,Adriel Fung,50,44,0.4792,0.5208,0.5,0.5104,0.3854,1,True
2026-08-10,Zhili Yang,51,45,0.474,0.6146,0.5,0.3958,0.3854,1,True
2026-08-10,lb203,52,46,0.4401,0.5104,0.125,0.7396,0.3854,1,True
2026-08-10,Adhvay Iyer,53,47,0.4336,0.6979,0.5,0.151,0.3854,1,True
2026-08-10,Sopiko Kurdadze,54,48,0.4289,0.4688,0.3929,0.4688,0.3854,1,True
2026-08-10,Xingyu Long,55,49,0.4258,0.224,0.5,0.151,0.8281,1,True
2026-08-10,Yuzhou Nie,56,49,0.4245,0.5,0.375,0.4375,0.3854,1,True
2026-08-10,Qi Jia,57,50,0.4176,0.224,0.4464,0.6146,0.3854,2,True
2026-08-10,Yogya Mehrotra,58,51,0.4154,0.224,0.5,0.5521,0.3854,1,True
2026-08-10,Brayden Zhong,59,51,0.4141,0.224,0.5,0.151,0.7812,2,True
2026-08-10,Suhaan Khurana,60,52,0.4102,0.224,0.5,0.5312,0.3854,1,True
2026-08-10,zainnh,61,53,0.3971,0.224,0.5,0.4792,0.3854,1,True
2026-08-10,applesaucethebun,62,54,0.38,0.224,0.4107,0.5,0.3854,2,True
2026-08-10,Utkarsh Ranjan,63,55,0.3659,0.224,0.5,0.3542,0.3854,1,True
2026-08-10,pkisfaludi-nv,64,56,0.3633,0.224,0.5,0.3438,0.3854,1,True
2026-08-10,Darren,65,57,0.3609,0.224,0.0893,0.3021,0.8281,5,True
2026-08-10,Haochen Jiang,66,57,0.3607,0.224,0.5,0.3333,0.3854,1,True
2026-08-10,Zihang-He,67,58,0.3536,0.224,0.2321,0.5729,0.3854,2,True
2026-08-10,Eitan Turok,68,59,0.3261,0.224,0.2679,0.4271,0.3854,1,True
2026-08-10,Junda Chen,69,60,0.3205,0.5312,0.2143,0.151,0.3854,1,True
2026-08-10,BrianChenn1129,70,61,0.3151,0.224,0.5,0.151,0.3854,1,True
2026-08-10,Darren Sadr,71,61,0.3151,0.224,0.5,0.151,0.3854,1,True
2026-08-10,EricLiang,72,61,0.3151,0.224,0.5,0.151,0.3854,1,True
2026-08-10,Gnav3852,73,61,0.3151,0.224,0.5,0.151,0.3854,1,True
2026-08-10,Ishan Vaish,74,61,0.3151,0.224,0.5,0.151,0.3854,2,True
2026-08-10,KyleS1016,75,61,0.3151,0.224,0.5,0.151,0.3854,1,True
2026-08-10,LinB203,76,61,0.3151,0.224,0.5,0.151,0.3854,1,True
2026-08-10,Mrinaal Dogra,77,61,0.3151,0.224,0.5,0.151,0.3854,1,True
2026-08-10,Peiyuan,78,61,0.3151,0.224,0.5,0.151,0.3854,1,True
2026-08-10,Runlong,79,61,0.3151,0.224,0.5,0.151,0.3854,1,True
2026-08-10,abaghyangor,80,61,0.3151,0.224,0.5,0.151,0.3854,1,True
2026-08-10,ainsley,81,61,0.3151,0.224,0.5,0.151,0.3854,1,True
2026-08-10,guangyi,82,61,0.3151,0.224,0.5,0.151,0.3854,1,True
2026-08-10,kiritorl,83,61,0.3151,0.224,0.5,0.151,0.3854,1,True
2026-08-10,root,84,61,0.3151,0.224,0.5,0.151,0.3854,1,True
2026-08-10,roywang <roywang>,85,61,0.3151,0.224,0.5,0.151,0.3854,3,True
2026-08-10,ryanM154,86,61,0.3151,0.224,0.5,0.151,0.3854,1,True
2026-08-10,zbchu2,87,61,0.3151,0.224,0.5,0.151,0.3854,2,True
2026-08-10,肖鹏,88,61,0.3151,0.224,0.5,0.151,0.3854,1,True
2026-08-10,Zhaobin Chu,89,61,0.3134,0.224,0.3214,0.3229,0.3854,2,True
2026-08-10,Kevinzz,90,62,0.309,0.224,0.1786,0.4479,0.3854,1,True
2026-08-10,Luis Catacora,91,63,0.2926,0.224,0.1964,0.3646,0.3854,1,True
2026-08-10,Ketaki Tank,92,64,0.2258,0.224,0.1429,0.151,0.3854,2,True
2026-08-10,MartinPernus,93,65,0.2013,0.224,0.0446,0.151,0.3854,1,True
2026-08-10,Tuyabei,94,65,0.2013,0.224,0.0446,0.151,0.3854,1,True
2026-08-10,Y-aang,95,65,0.2013,0.224,0.0446,0.151,0.3854,1,True
2026-08-10,eeecho,96,65,0.2013,0.224,0.0446,0.151,0.3854,1,True
2026-08-17,William Lin,1,1,0.9693,1.0,0.8772,1.0,1.0,387,True
2026-08-17,alexzms,2,2,0.9608,0.9792,0.9474,0.9583,0.9583,54,True
2026-08-17,Junda Su,3,3,0.888,0.9896,0.6667,0.9688,0.9271,39,True
2026-08-17,Satyam Srivastava,4,4,0.8832,0.8646,0.8246,0.9271,0.9167,12,True
2026-08-17,Kevin Lin,5,5,0.871,0.8854,0.807,0.8958,0.8958,49,True
2026-08-17,Jinzhe Pan,6,6,0.8529,0.9375,0.5263,0.9792,0.9688,47,True
2026-08-17,Wei Zhou,7,7,0.847,0.9167,0.5965,0.9375,0.9375,33,True
2026-08-17,Mingjia Huo,8,8,0.8039,0.9062,0.6842,0.7708,0.8542,5,True
2026-08-17,Wenxuan Tan,9,9,0.801,0.7292,0.5789,0.9167,0.9792,49,True
2026-08-17,Zhang Peiyuan,10,10,0.7984,0.9688,0.2456,0.9896,0.9896,134,True
2026-08-17,Shao Duan,11,11,0.7774,0.9583,0.8596,0.9062,0.3854,18,True
2026-08-17,Loay Rashid,12,12,0.7629,0.7396,0.614,0.8333,0.8646,18,True
2026-08-17,XOR-op,13,13,0.7595,0.7812,0.6316,0.8229,0.8021,31,True
2026-08-17,KUAN-HAO HUANG,14,14,0.7554,0.5938,0.9123,0.6875,0.8281,2,True
2026-08-17,Kaiqin Kong,15,15,0.7344,0.9479,0.3333,0.875,0.7812,32,True
2026-08-17,KyleShao,16,15,0.7341,0.8542,0.8947,0.8021,0.3854,4,True
2026-08-17,Matthew Noto,17,15,0.734,0.6875,0.5088,0.8542,0.8854,36,True
2026-08-17,Yongqi Chen,18,16,0.719,0.875,0.1053,0.9479,0.9479,74,True
2026-08-17,Mihir Jagtap,19,17,0.712,0.8438,0.7544,0.8646,0.3854,5,True
2026-08-17,Ishan,20,18,0.6996,0.7917,0.9649,0.6562,0.3854,2,True
2026-08-17,Ajay Anubolu,21,19,0.6975,0.7708,0.8421,0.7917,0.3854,2,True
2026-08-17,Mac Lee,22,20,0.6745,0.9271,0.5,0.8854,0.3854,18,True
2026-08-17,Raghav K,23,21,0.6672,0.8958,0.5439,0.8438,0.3854,13,True
2026-08-17,Hao Zhang,24,22,0.6469,0.4792,0.4211,0.7812,0.9062,4,True
2026-08-17,vishruthb,25,22,0.6461,0.8229,0.7719,0.6042,0.3854,1,True
2026-08-17,Mook,26,23,0.6356,0.7083,0.7193,0.7292,0.3854,4,True
2026-08-17,Eric Liang,27,24,0.6271,0.6562,0.7895,0.6771,0.3854,1,True
2026-08-17,You Zhou,28,24,0.6262,0.5521,0.4737,0.6979,0.7812,3,True
2026-08-17,Aryan Kumar,29,25,0.589,0.7188,0.4912,0.7604,0.3854,4,True
2026-08-17,Kai,30,26,0.5859,0.8333,0.5,0.625,0.3854,1,True
2026-08-17,Hangliang Ding,31,27,0.5793,0.4583,0.2807,0.75,0.8281,9,True
2026-08-17,Shreejith SG,32,28,0.5746,0.8021,0.2982,0.8125,0.3854,6,True
2026-08-17,RoyWang,33,29,0.5722,0.5729,0.7368,0.5938,0.3854,4,True
2026-08-17,Guian Fang,34,30,0.5703,0.75,0.5,0.6458,0.3854,1,True
2026-08-17,Suckl,35,30,0.5703,0.8125,0.5,0.5833,0.3854,1,True
2026-08-17,Atharv Ramesh,36,31,0.5547,0.625,0.5,0.7083,0.3854,1,True
2026-08-17,klhhhhh,37,32,0.5476,0.4896,0.9298,0.3854,0.3854,2,True
2026-08-17,Ohm-Rishabh,38,33,0.5411,0.6042,0.4561,0.7188,0.3854,5,True
2026-08-17,rlsu9,39,34,0.5369,0.4479,0.1579,0.6667,0.875,24,True
2026-08-17,jaisurya27,40,35,0.5348,0.6458,0.7018,0.4062,0.3854,1,True
2026-08-17,leffff,41,36,0.526,0.7604,0.5,0.4583,0.3854,2,True
2026-08-17,zyang6,42,37,0.5232,0.5833,0.5614,0.5625,0.3854,1,True
2026-08-17,Kared,43,38,0.5156,0.6354,0.5,0.5417,0.3854,1,True
2026-08-17,sumyyyyy,44,39,0.513,0.6771,0.5,0.4896,0.3854,2,True
2026-08-17,Zhili Yang,45,40,0.5112,0.6146,0.6491,0.3958,0.3854,1,True
2026-08-17,xsank,46,41,0.4922,0.6667,0.5,0.4167,0.3854,1,True
2026-08-17,Wei (Will) Feng,47,41,0.4917,0.224,0.9825,0.375,0.3854,2,True
2026-08-17,KyleNeverGivesUp,48,42,0.487,0.5417,0.5,0.5208,0.3854,3,True
2026-08-17,Jiali Chen,49,43,0.4836,0.5625,0.3509,0.6354,0.3854,3,True
2026-08-17,Peng Xiao,50,44,0.4805,0.224,1.0,0.3125,0.3854,1,True
2026-08-17,Adriel Fung,51,44,0.4792,0.5208,0.5,0.5104,0.3854,1,True
2026-08-17,lb203,52,45,0.4396,0.5104,0.1228,0.7396,0.3854,1,True
2026-08-17,Adhvay Iyer,53,46,0.4336,0.6979,0.5,0.151,0.3854,1,True
2026-08-17,Sopiko Kurdadze,54,47,0.4272,0.4688,0.386,0.4688,0.3854,1,True
2026-08-17,Xingyu Long,55,47,0.4258,0.224,0.5,0.151,0.8281,1,True
2026-08-17,Yuzhou Nie,56,48,0.4228,0.5,0.3684,0.4375,0.3854,1,True
2026-08-17,Qi Jia,57,49,0.4156,0.224,0.4386,0.6146,0.3854,2,True
2026-08-17,Yogya Mehrotra,58,49,0.4154,0.224,0.5,0.5521,0.3854,1,True
2026-08-17,Brayden Zhong,59,49,0.4141,0.224,0.5,0.151,0.7812,2,True
2026-08-17,Suhaan Khurana,60,50,0.4102,0.224,0.5,0.5312,0.3854,1,True
2026-08-17,zainnh,61,51,0.3971,0.224,0.5,0.4792,0.3854,1,True
2026-08-17,applesaucethebun,62,52,0.3782,0.224,0.4035,0.5,0.3854,2,True
2026-08-17,Utkarsh Ranjan,63,53,0.3659,0.224,0.5,0.3542,0.3854,1,True
2026-08-17,pkisfaludi-nv,64,54,0.3633,0.224,0.5,0.3438,0.3854,1,True
2026-08-17,Haochen Jiang,65,55,0.3607,0.224,0.5,0.3333,0.3854,1,True
2026-08-17,Darren,66,55,0.3605,0.224,0.0877,0.3021,0.8281,5,True
2026-08-17,Zihang-He,67,56,0.3526,0.224,0.2281,0.5729,0.3854,2,True
2026-08-17,Eitan Turok,68,57,0.3249,0.224,0.2632,0.4271,0.3854,1,True
2026-08-17,Junda Chen,69,58,0.3196,0.5312,0.2105,0.151,0.3854,1,True
2026-08-17,BrianChenn1129,70,59,0.3151,0.224,0.5,0.151,0.3854,1,True
2026-08-17,Darren Sadr,71,59,0.3151,0.224,0.5,0.151,0.3854,1,True
2026-08-17,EricLiang,72,59,0.3151,0.224,0.5,0.151,0.3854,1,True
2026-08-17,Gnav3852,73,59,0.3151,0.224,0.5,0.151,0.3854,1,True
2026-08-17,Ishan Vaish,74,59,0.3151,0.224,0.5,0.151,0.3854,2,True
2026-08-17,KyleS1016,75,59,0.3151,0.224,0.5,0.151,0.3854,1,True
2026-08-17,LinB203,76,59,0.3151,0.224,0.5,0.151,0.3854,1,True
2026-08-17,Mrinaal Dogra,77,59,0.3151,0.224,0.5,0.151,0.3854,1,True
2026-08-17,Peiyuan,78,59,0.3151,0.224,0.5,0.151,0.3854,1,True
2026-08-17,Runlong,79,59,0.3151,0.224,0.5,0.151,0.3854,1,True
2026-08-17,abaghyangor,80,59,0.3151,0.224,0.5,0.151,0.3854,1,True
2026-08-17,ainsley,81,59,0.3151,0.224,0.5,0.151,0.3854,1,True
2026-08-17,guangyi,82,59,0.3151,0.224,0.5,0.151,0.3854,1,True
2026-08-17,kiritorl,83,59,0.3151,0.224,0.5,0.151,0.3854,1,True
2026-08-17,root,84,59,0.3151,0.224,0.5,0.151,0.3854,1,True
2026-08-17,roywang <roywang>,85,59,0.3151,0.224,0.5,0.151,0.3854,3,True
2026-08-17,ryanM154,86,59,0.3151,0.224,0.5,0.151,0.3854,1,True
2026-08-17,zbchu2,87,59,0.3151,0.224,0.5,0.151,0.3854,2,True
2026-08-17,肖鹏,88,59,0.3151,0.224,0.5,0.151,0.3854,1,True
2026-08-17,Zhaobin Chu,89,60,0.312,0.224,0.3158,0.3229,0.3854,2,True
2026-08-17,Kevinzz,90,61,0.3082,0.224,0.1754,0.4479,0.3854,1,True
2026-08-17,Luis Catacora,91,62,0.2917,0.224,0.193,0.3646,0.3854,1,True
2026-08-17,Ketaki Tank,92,63,0.2252,0.224,0.1404,0.151,0.3854,2,True
2026-08-17,MartinPernus,93,64,0.2011,0.224,0.0439,0.151,0.3854,1,True
2026-08-17,Tuyabei,94,64,0.2011,0.224,0.0439,0.151,0.3854,1,True
2026-08-17,Y-aang,95,64,0.2011,0.224,0.0439,0.151,0.3854,1,True
2026-08-17,eeecho,96,64,0.2011,0.224,0.0439,0.151,0.3854,1,True
2026-08-24,William Lin,1,1,0.9693,1.0,0.8772,1.0,1.0,398,True
2026-08-24,alexzms,2,2,0.9613,0.9796,0.9474,0.9592,0.9592,55,True
2026-08-24,Junda Su,3,3,0.8912,0.9898,0.6667,0.9796,0.9286,40,True
2026-08-24,Kevin Lin,4,4,0.872,0.8776,0.8246,0.8878,0.898,49,True
2026-08-24,Satyam Srivastava,5,4,0.8708,0.8571,0.7895,0.9184,0.9184,12,True
2026-08-24,Jinzhe Pan,6,5,0.8484,0.9286,0.5263,0.9694,0.9694,47,True
2026-08-24,Wei Zhou,7,6,0.8386,0.9082,0.5789,0.9286,0.9388,33,True
2026-08-24,Mingjia Huo,8,7,0.8012,0.898,0.6842,0.7653,0.8571,5,True
2026-08-24,Zhang Peiyuan,9,8,0.7986,0.9694,0.2456,0.9898,0.9898,134,True
2026-08-24,Wenxuan Tan,10,9,0.7883,0.7143,0.5614,0.898,0.9796,49,True
2026-08-24,Shao Duan,11,10,0.7743,0.9592,0.8421,0.9082,0.3878,20,True
2026-08-24,XOR-op,12,11,0.7643,0.7755,0.6491,0.8265,0.8061,31,True
2026-08-24,Loay Rashid,13,12,0.7607,0.7245,0.614,0.8367,0.8673,18,True
2026-08-24,Kaiqin Kong,14,13,0.7543,0.949,0.3333,0.949,0.7857,35,True
2026-08-24,KUAN-HAO HUANG,15,14,0.7498,0.5714,0.9123,0.6837,0.8316,2,True
2026-08-24,KyleShao,16,15,0.7339,0.8469,0.8947,0.8061,0.3878,4,True
2026-08-24,Matthew Noto,17,16,0.7267,0.6531,0.5088,0.8571,0.8878,36,True
2026-08-24,Yongqi Chen,18,17,0.7151,0.8673,0.1053,0.9388,0.949,74,True
2026-08-24,Mihir Jagtap,19,18,0.7116,0.8367,0.7544,0.8673,0.3878,5,True
2026-08-24,Ajay Anubolu,20,19,0.6996,0.7551,0.8596,0.7959,0.3878,2,True
2026-08-24,Ishan,21,20,0.6979,0.7857,0.9649,0.6531,0.3878,2,True
2026-08-24,Raghav K,22,21,0.6797,0.8878,0.5965,0.8469,0.3878,14,True
2026-08-24,Mac Lee,23,22,0.6709,0.9184,0.5,0.8776,0.3878,18,True
2026-08-24,Aryan Kumar,24,23,0.6509,0.9388,0.4912,0.7857,0.3878,6,True
2026-08-24,vishruthb,25,24,0.6445,0.8163,0.7719,0.602,0.3878,1,True
2026-08-24,Hao Zhang,26,24,0.6435,0.4694,0.4211,0.7755,0.9082,4,True
2026-08-24,Mook,27,25,0.6408,0.7041,0.7368,0.7347,0.3878,4,True
2026-08-24,Eric Liang,28,26,0.6303,0.6633,0.807,0.6633,0.3878,1,True
2026-08-24,You Zhou,29,27,0.6235,0.5306,0.4737,0.7041,0.7857,3,True
2026-08-24,Kai,30,28,0.5816,0.8265,0.5,0.6122,0.3878,1,True
2026-08-24,Hangliang Ding,31,29,0.5791,0.449,0.2807,0.7551,0.8316,9,True
2026-08-24,Shreejith SG,32,29,0.5789,0.7959,0.3158,0.8163,0.3878,6,True
2026-08-24,Suckl,33,30,0.5663,0.8061,0.5,0.5714,0.3878,1,True
2026-08-24,Guian Fang,34,31,0.5638,0.7347,0.5,0.6327,0.3878,1,True
2026-08-24,RoyWang,35,32,0.5599,0.551,0.7193,0.5816,0.3878,4,True
2026-08-24,KyleNeverGivesUp,36,33,0.5536,0.602,0.5,0.7245,0.3878,5,True
2026-08-24,Hyunsung Lee,37,34,0.551,0.6429,0.5,0.6735,0.3878,1,True
2026-08-24,Atharv Ramesh,38,35,0.5485,0.6122,0.5,0.6939,0.3878,1,True
2026-08-24,klhhhhh,39,36,0.5437,0.4796,0.9298,0.3776,0.3878,2,True
2026-08-24,lpc0220,40,37,0.5357,0.7653,0.5,0.4898,0.3878,1,True
2026-08-24,Ohm-Rishabh,41,37,0.535,0.5816,0.4561,0.7143,0.3878,5,True
2026-08-24,jaisurya27,42,38,0.53,0.6327,0.7018,0.398,0.3878,1,True
2026-08-24,rlsu9,43,38,0.5293,0.4388,0.1579,0.6429,0.8776,24,True
2026-08-24,leffff,44,39,0.5204,0.7449,0.5,0.449,0.3878,2,True
2026-08-24,sumyyyyy,45,40,0.5128,0.6837,0.5,0.4796,0.3878,2,True
2026-08-24,zyang6,46,41,0.511,0.5612,0.5439,0.551,0.3878,1,True
2026-08-24,Kared,47,41,0.5102,0.6224,0.5,0.5306,0.3878,1,True
2026-08-24,Zhili Yang,48,42,0.4997,0.5918,0.6316,0.3878,0.3878,1,True
2026-08-24,xsank,49,43,0.4974,0.6735,0.5,0.4286,0.3878,1,True
2026-08-24,Wei (Will) Feng,50,44,0.4892,0.2194,0.9825,0.3673,0.3878,2,True
2026-08-24,Peng Xiao,51,45,0.4783,0.2194,1.0,0.3061,0.3878,1,True
2026-08-24,Adriel Fung,52,45,0.477,0.5102,0.5,0.5102,0.3878,1,True
2026-08-24,Jiali Chen,53,46,0.4755,0.5408,0.3509,0.6224,0.3878,3,True
2026-08-24,lb203,54,47,0.4389,0.5,0.1228,0.7449,0.3878,1,True
2026-08-24,Adhvay Iyer,55,48,0.4324,0.6939,0.5,0.148,0.3878,1,True
2026-08-24,Xingyu Long,56,49,0.4247,0.2194,0.5,0.148,0.8316,1,True
2026-08-24,Sopiko Kurdadze,57,50,0.423,0.4592,0.386,0.4592,0.3878,1,True
2026-08-24,Yuzhou Nie,58,51,0.4161,0.4898,0.3684,0.4184,0.3878,1,True
2026-08-24,Brayden Zhong,59,52,0.4133,0.2194,0.5,0.148,0.7857,2,True
2026-08-24,Yogya Mehrotra,60,52,0.412,0.2194,0.5,0.5408,0.3878,1,True
2026-08-24,Qi Jia,61,53,0.4094,0.2194,0.4386,0.5918,0.3878,2,True
2026-08-24,Suhaan Khurana,62,54,0.4069,0.2194,0.5,0.5204,0.3878,1,True
2026-08-24,zainnh,63,55,0.3941,0.2194,0.5,0.4694,0.3878,1,True
2026-08-24,applesaucethebun,64,56,0.3777,0.2194,0.4035,0.5,0.3878,2,True
2026-08-24,Utkarsh Ranjan,65,57,0.3635,0.2194,0.5,0.3469,0.3878,1,True
2026-08-24,pkisfaludi-nv,66,58,0.361,0.2194,0.5,0.3367,0.3878,1,True
2026-08-24,Darren,67,59,0.3587,0.2194,0.0877,0.2959,0.8316,5,True
2026-08-24,Haochen Jiang,68,59,0.3584,0.2194,0.5,0.3265,0.3878,1,True
2026-08-24,Zihang-He,69,60,0.3491,0.2194,0.2281,0.5612,0.3878,2,True
2026-08-24,Eitan Turok,70,61,0.3196,0.2194,0.2632,0.4082,0.3878,1,True
2026-08-24,Junda Chen,71,62,0.3167,0.5204,0.2105,0.148,0.3878,1,True
2026-08-24,BrianChenn1129,72,63,0.3138,0.2194,0.5,0.148,0.3878,1,True
2026-08-24,Darren Sadr,73,63,0.3138,0.2194,0.5,0.148,0.3878,1,True
2026-08-24,EricLiang,74,63,0.3138,0.2194,0.5,0.148,0.3878,1,True
2026-08-24,Gnav3852,75,63,0.3138,0.2194,0.5,0.148,0.3878,1,True
2026-08-24,Ishan Vaish,76,63,0.3138,0.2194,0.5,0.148,0.3878,2,True
2026-08-24,KyleS1016,77,63,0.3138,0.2194,0.5,0.148,0.3878,1,True
2026-08-24,LinB203,78,63,0.3138,0.2194,0.5,0.148,0.3878,1,True
2026-08-24,Mrinaal Dogra,79,63,0.3138,0.2194,0.5,0.148,0.3878,1,True
2026-08-24,Peiyuan,80,63,0.3138,0.2194,0.5,0.148,0.3878,1,True
2026-08-24,Runlong,81,63,0.3138,0.2194,0.5,0.148,0.3878,1,True
2026-08-24,abaghyangor,82,63,0.3138,0.2194,0.5,0.148,0.3878,1,True
2026-08-24,ainsley,83,63,0.3138,0.2194,0.5,0.148,0.3878,1,True
2026-08-24,guangyi,84,63,0.3138,0.2194,0.5,0.148,0.3878,1,True
2026-08-24,kiritorl,85,63,0.3138,0.2194,0.5,0.148,0.3878,1,True
2026-08-24,root,86,63,0.3138,0.2194,0.5,0.148,0.3878,1,True
2026-08-24,roywang <roywang>,87,63,0.3138,0.2194,0.5,0.148,0.3878,3,True
2026-08-24,ryanM154,88,63,0.3138,0.2194,0.5,0.148,0.3878,1,True
2026-08-24,zbchu2,89,63,0.3138,0.2194,0.5,0.148,0.3878,2,True
2026-08-24,肖鹏,90,63,0.3138,0.2194,0.5,0.148,0.3878,1,True
2026-08-24,Zhaobin Chu,91,64,0.3054,0.2194,0.2982,0.3163,0.3878,2,True
2026-08-24,Kevinzz,92,64,0.3053,0.2194,0.1754,0.4388,0.3878,1,True
2026-08-24,Luis Catacora,93,65,0.2893,0.2194,0.193,0.3571,0.3878,1,True
2026-08-24,Ketaki Tank,94,66,0.2239,0.2194,0.1404,0.148,0.3878,2,True
2026-08-24,MartinPernus,95,67,0.1997,0.2194,0.0439,0.148,0.3878,1,True
2026-08-24,Tuyabei,96,67,0.1997,0.2194,0.0439,0.148,0.3878,1,True
2026-08-24,Y-aang,97,67,0.1997,0.2194,0.0439,0.148,0.3878,1,True
2026-08-24,eeecho,98,67,0.1997,0.2194,0.0439,0.148,0.3878,1,True
2026-08-31,William Lin,1,1,0.9693,1.0,0.8772,1.0,1.0,406,True
2026-08-31,alexzms,2,2,0.949,0.9798,0.9474,0.9596,0.9091,55,True
2026-08-31,Junda Su,3,3,0.8409,0.9899,0.6667,0.9798,0.7273,40,True
2026-08-31,Jinzhe Pan,4,4,0.8109,0.9293,0.5263,0.9697,0.8182,47,True
2026-08-31,Shao Duan,5,5,0.8046,0.9495,0.8596,0.9091,0.5,21,False
2026-08-31,Satyam Srivastava,6,6,0.7819,0.8586,0.8246,0.899,0.5455,12,True
2026-08-31,KyleShao,7,7,0.7596,0.8485,0.9123,0.7778,0.5,4,False
2026-08-31,Mihir Jagtap,8,8,0.7422,0.8384,0.7719,0.8586,0.5,5,False
2026-08-31,Wei Zhou,9,9,0.7268,0.899,0.5789,0.9293,0.5,33,False
2026-08-31,Ishan,10,10,0.7248,0.7879,0.9649,0.6465,0.5,2,False
2026-08-31,Aryan Kumar,11,11,0.7087,0.9697,0.4912,0.9192,0.4545,15,True
2026-08-31,Zhang Peiyuan,12,11,0.7079,0.9596,0.2456,0.9899,0.6364,134,True
2026-08-31,Mingjia Huo,13,11,0.7077,0.8889,0.6842,0.7576,0.5,5,False
2026-08-31,Raghav K,14,11,0.7059,0.8788,0.5965,0.8485,0.5,15,False
2026-08-31,Ajay Anubolu,15,12,0.6981,0.7374,0.7368,0.8182,0.5,2,False
2026-08-31,Mac Lee,16,12,0.697,0.9192,0.5,0.8687,0.5,18,False
2026-08-31,Kevin Lin,17,13,0.6916,0.9091,0.8421,0.8788,0.1364,50,True
2026-08-31,Kaiqin Kong,18,14,0.6849,0.9394,0.3509,0.9495,0.5,35,False
2026-08-31,XOR-op,19,14,0.6837,0.7778,0.6491,0.8081,0.5,31,False
2026-08-31,vishruthb,20,15,0.6759,0.8182,0.7895,0.596,0.5,1,False
2026-08-31,Mook,21,16,0.6722,0.7071,0.7544,0.7273,0.5,4,False
2026-08-31,Wenxuan Tan,22,17,0.6669,0.7172,0.5614,0.8889,0.5,49,False
2026-08-31,Eric Liang,23,18,0.655,0.6566,0.807,0.6566,0.5,1,False
2026-08-31,KyleNeverGivesUp,24,19,0.6313,0.697,0.5,0.8283,0.5,9,False
2026-08-31,Matthew Noto,25,20,0.6234,0.6465,0.5088,0.8384,0.5,36,False
2026-08-31,KUAN-HAO HUANG,26,21,0.6189,0.5657,0.8947,0.697,0.3182,2,True
2026-08-31,Kai,27,22,0.6086,0.8283,0.5,0.6061,0.5,1,False
2026-08-31,Yongqi Chen,28,23,0.6033,0.8687,0.1053,0.9394,0.5,74,False
2026-08-31,Shreejith SG,29,24,0.6004,0.798,0.3158,0.7879,0.5,6,False
2026-08-31,Guian Fang,30,25,0.5934,0.7475,0.5,0.6263,0.5,1,False
2026-08-31,Suckl,31,25,0.5934,0.8081,0.5,0.5657,0.5,1,False
2026-08-31,RoyWang,32,26,0.5851,0.5455,0.7193,0.5758,0.5,4,False
2026-08-31,Hyunsung Lee,33,27,0.5758,0.6364,0.5,0.6667,0.5,1,False
2026-08-31,Atharv Ramesh,34,28,0.5732,0.6061,0.5,0.6869,0.5,1,False
2026-08-31,Loay Rashid,35,29,0.5689,0.7273,0.614,0.798,0.1364,18,True
2026-08-31,klhhhhh,36,29,0.5671,0.4646,0.9298,0.3737,0.5,2,False
2026-08-31,Suhaan Khurana,37,30,0.5631,0.5758,0.5,0.6768,0.5,2,False
2026-08-31,lpc0220 <landy0220>,38,30,0.5631,0.7677,0.5,0.4848,0.5,1,False
2026-08-31,Ohm-Rishabh,39,30,0.5623,0.5859,0.4561,0.7071,0.5,5,False
2026-08-31,jaisurya27,40,31,0.5555,0.6263,0.7018,0.3939,0.5,1,False
2026-08-31,You Zhou,41,32,0.5515,0.5152,0.4737,0.7172,0.5,3,False
2026-08-31,leffff,42,32,0.5505,0.7576,0.5,0.4444,0.5,2,False
2026-08-31,sumyyyyy,43,33,0.5379,0.6768,0.5,0.4747,0.5,2,False
2026-08-31,zyang6,44,33,0.5362,0.5556,0.5439,0.5455,0.5,1,False
2026-08-31,Hao Zhang,45,33,0.5358,0.4545,0.4211,0.7677,0.5,4,False
2026-08-31,Kared,46,33,0.5354,0.6162,0.5,0.5253,0.5,1,False
2026-08-31,Zhili Yang,47,34,0.5278,0.596,0.6316,0.3838,0.5,1,False
2026-08-31,xsank,48,35,0.5227,0.6667,0.5,0.4242,0.5,1,False
2026-08-31,Wei (Will) Feng,49,36,0.5146,0.2121,0.9825,0.3636,0.5,2,False
2026-08-31,lpc0220,50,37,0.5101,0.5253,0.5,0.5152,0.5,1,False
2026-08-31,Peng Xiao,51,38,0.5038,0.2121,1.0,0.303,0.5,1,False
2026-08-31,Adriel Fung,52,39,0.5,0.4949,0.5,0.5051,0.5,1,False
2026-08-31,Jiali Chen,53,40,0.4962,0.5354,0.3333,0.6162,0.5,3,False
2026-08-31,Hangliang Ding,54,41,0.4906,0.4343,0.2807,0.7475,0.5,9,False
2026-08-31,lb203,55,42,0.4613,0.4848,0.1228,0.7374,0.5,1,False
2026-08-31,Adhvay Iyer,56,43,0.4583,0.6869,0.5,0.1465,0.5,1,False
2026-08-31,Sopiko Kurdadze,57,44,0.4462,0.4444,0.386,0.4545,0.5,1,False
2026-08-31,Yuzhou Nie,58,45,0.4393,0.4747,0.3684,0.4141,0.5,1,False
2026-08-31,Yogya Mehrotra,59,46,0.4369,0.2121,0.5,0.5354,0.5,1,False
2026-08-31,Qi Jia,60,47,0.4341,0.2121,0.4386,0.5859,0.5,2,False
2026-08-31,rlsu9,61,48,0.4296,0.4242,0.1579,0.6364,0.5,24,False
2026-08-31,zainnh,62,49,0.4192,0.2121,0.5,0.4646,0.5,1,False
2026-08-31,applesaucethebun,63,50,0.4026,0.2121,0.4035,0.4949,0.5,2,False
2026-08-31,Utkarsh Ranjan,64,51,0.3889,0.2121,0.5,0.3434,0.5,1,False
2026-08-31,pkisfaludi-nv,65,52,0.3864,0.2121,0.5,0.3333,0.5,1,False
2026-08-31,Haochen Jiang,66,53,0.3838,0.2121,0.5,0.3232,0.5,1,False
2026-08-31,Zihang-He,67,54,0.3739,0.2121,0.2281,0.5556,0.5,2,False
2026-08-31,Eitan Turok,68,55,0.3448,0.2121,0.2632,0.404,0.5,1,False
2026-08-31,Junda Chen,69,56,0.3405,0.5051,0.2105,0.1465,0.5,1,False
2026-08-31,Brayden Zhong,70,56,0.3396,0.2121,0.5,0.1465,0.5,2,False
2026-08-31,BrianChenn1129,71,56,0.3396,0.2121,0.5,0.1465,0.5,1,False
2026-08-31,Darren Sadr,72,56,0.3396,0.2121,0.5,0.1465,0.5,1,False
2026-08-31,EricLiang,73,56,0.3396,0.2121,0.5,0.1465,0.5,1,False
2026-08-31,Gnav3852,74,56,0.3396,0.2121,0.5,0.1465,0.5,1,False
2026-08-31,Ishan Vaish,75,56,0.3396,0.2121,0.5,0.1465,0.5,2,False
2026-08-31,KyleS1016,76,56,0.3396,0.2121,0.5,0.1465,0.5,1,False
2026-08-31,LinB203,77,56,0.3396,0.2121,0.5,0.1465,0.5,1,False
2026-08-31,Mrinaal Dogra,78,56,0.3396,0.2121,0.5,0.1465,0.5,1,False
2026-08-31,Peiyuan,79,56,0.3396,0.2121,0.5,0.1465,0.5,1,False
2026-08-31,Runlong,80,56,0.3396,0.2121,0.5,0.1465,0.5,1,False
2026-08-31,Xingyu Long,81,56,0.3396,0.2121,0.5,0.1465,0.5,1,False
2026-08-31,abaghyangor,82,56,0.3396,0.2121,0.5,0.1465,0.5,1,False
2026-08-31,ainsley,83,56,0.3396,0.2121,0.5,0.1465,0.5,1,False
2026-08-31,guangyi,84,56,0.3396,0.2121,0.5,0.1465,0.5,1,False
2026-08-31,kiritorl,85,56,0.3396,0.2121,0.5,0.1465,0.5,1,False
2026-08-31,root,86,56,0.3396,0.2121,0.5,0.1465,0.5,1,False
2026-08-31,roywang <roywang>,87,56,0.3396,0.2121,0.5,0.1465,0.5,3,False
2026-08-31,ryanM154,88,56,0.3396,0.2121,0.5,0.1465,0.5,1,False
2026-08-31,zbchu2,89,56,0.3396,0.2121,0.5,0.1465,0.5,2,False
2026-08-31,肖鹏,90,56,0.3396,0.2121,0.5,0.1465,0.5,1,False
2026-08-31,Zhaobin Chu,91,57,0.3309,0.2121,0.2982,0.3131,0.5,2,False
2026-08-31,Kevinzz,92,57,0.3305,0.2121,0.1754,0.4343,0.5,1,False
2026-08-31,Luis Catacora,93,58,0.3147,0.2121,0.193,0.3535,0.5,1,False
2026-08-31,Ketaki Tank,94,59,0.2497,0.2121,0.1404,0.1465,0.5,2,False
2026-08-31,Darren,95,60,0.2277,0.2121,0.0877,0.2929,0.3182,5,True
2026-08-31,MartinPernus,96,61,0.2256,0.2121,0.0439,0.1465,0.5,1,False
2026-08-31,Tuyabei,97,61,0.2256,0.2121,0.0439,0.1465,0.5,1,False
2026-08-31,Y-aang,98,61,0.2256,0.2121,0.0439,0.1465,0.5,1,False
2026-08-31,eeecho,99,61,0.2256,0.2121,0.0439,0.1465,0.5,1,False
2026-09-07,William Lin,1,1,0.9693,1.0,0.8772,1.0,1.0,411,True
2026-09-07,alexzms,2,2,0.9565,0.9804,0.9474,0.9608,0.9375,55,True
2026-09-07,Junda Su,3,3,0.8312,0.9902,0.6667,0.9804,0.6875,41,True
2026-09-07,Jinzhe Pan,4,4,0.8258,0.9314,0.5263,0.9706,0.875,47,True
2026-09-07,Shao Duan,5,5,0.8056,0.951,0.8596,0.9118,0.5,21,False
2026-09-07,Satyam Srivastava,6,6,0.7879,0.8627,0.8246,0.902,0.5625,13,True
2026-09-07,KyleShao,7,7,0.7599,0.8529,0.9123,0.7745,0.5,4,False
2026-09-07,Wei Zhou,8,8,0.7569,0.902,0.5789,0.9216,0.625,33,True
2026-09-07,Kevin Lin,9,9,0.7528,0.9118,0.8421,0.8824,0.375,50,True
2026-09-07,Zhang Peiyuan,10,9,0.7523,0.9608,0.2456,0.9902,0.8125,134,True
2026-09-07,Mihir Jagtap,11,10,0.7376,0.8431,0.7544,0.8529,0.5,5,False
2026-09-07,Ishan,12,10,0.7363,0.7941,0.9649,0.6863,0.5,3,False
2026-09-07,Raghav K,13,11,0.7104,0.8824,0.5965,0.8627,0.5,15,False
2026-09-07,Mingjia Huo,14,12,0.7078,0.8922,0.6842,0.7549,0.5,5,False
2026-09-07,Mac Lee,15,13,0.6985,0.9216,0.5,0.8725,0.5,18,False
2026-09-07,Ajay Anubolu,16,14,0.694,0.7451,0.7368,0.7941,0.5,2,False
2026-09-07,Kaiqin Kong,17,15,0.6877,0.9412,0.3684,0.9412,0.5,35,False
2026-09-07,vishruthb,18,16,0.6778,0.8235,0.7895,0.598,0.5,1,False
2026-09-07,Mook,19,17,0.6758,0.7059,0.7719,0.7255,0.5,4,False
2026-09-07,Aryan Kumar,20,18,0.6701,0.9706,0.5088,0.951,0.25,20,True
2026-09-07,Wenxuan Tan,21,19,0.6673,0.7157,0.5614,0.8922,0.5,49,False
2026-09-07,Yongqi Chen,22,20,0.6648,0.8725,0.1053,0.9314,0.75,74,True
2026-09-07,lpc0220 <landy0220>,23,21,0.6569,0.7843,0.5,0.8431,0.5,1,False
2026-09-07,Eric Liang,24,22,0.6503,0.6569,0.807,0.6373,0.5,1,False
2026-09-07,Loay Rashid,25,23,0.6477,0.7353,0.614,0.8039,0.4375,18,True
2026-09-07,KyleNeverGivesUp,26,24,0.6275,0.6961,0.5,0.8137,0.5,9,False
2026-09-07,Matthew Noto,27,25,0.6179,0.6471,0.4912,0.8333,0.5,36,True
2026-09-07,Shreejith SG,28,26,0.6108,0.8039,0.3158,0.8235,0.5,6,False
2026-09-07,Kai,29,27,0.6054,0.8333,0.5,0.5882,0.5,1,False
2026-09-07,lpc0220,30,27,0.6054,0.7255,0.5,0.6961,0.5,2,False
2026-09-07,Suckl,31,28,0.5907,0.8137,0.5,0.549,0.5,1,False
2026-09-07,RoyWang,32,29,0.5842,0.549,0.7193,0.5686,0.5,4,False
2026-09-07,Hyunsung Lee,33,30,0.576,0.6373,0.5,0.6667,0.5,1,False
2026-09-07,KUAN-HAO HUANG,34,31,0.574,0.5686,0.8947,0.6765,0.1562,2,True
2026-09-07,sumyyyyy,35,31,0.5735,0.6765,0.5,0.6176,0.5,2,False
2026-09-07,klhhhhh,36,31,0.5731,0.4804,0.9298,0.3824,0.5,2,False
2026-09-07,XOR-op,37,32,0.5676,0.7745,0.6491,0.7843,0.0625,31,True
2026-09-07,Atharv Ramesh,38,33,0.5637,0.6078,0.5,0.6471,0.5,1,False
2026-09-07,Ohm-Rishabh,39,33,0.5626,0.5882,0.4561,0.7059,0.5,5,False
2026-09-07,Suhaan Khurana,40,34,0.5588,0.5784,0.5,0.6569,0.5,2,False
2026-09-07,jaisurya27,41,34,0.5578,0.6275,0.7018,0.402,0.5,1,False
2026-09-07,leffff,42,34,0.5564,0.7647,0.5,0.4608,0.5,2,False
2026-09-07,You Zhou,43,35,0.5547,0.5294,0.4737,0.7157,0.5,3,False
2026-09-07,Guian Fang,44,36,0.5417,0.7549,0.5,0.4118,0.5,1,False
2026-09-07,Kared,45,37,0.5319,0.6176,0.5,0.5098,0.5,1,False
2026-09-07,zyang6,46,37,0.5306,0.5588,0.5439,0.5196,0.5,1,False
2026-09-07,Zhili Yang,47,37,0.5304,0.598,0.6316,0.3922,0.5,1,False
2026-09-07,xsank,48,38,0.527,0.6667,0.5,0.4412,0.5,1,False
2026-09-07,Wei (Will) Feng,49,39,0.5189,0.2206,0.9825,0.3725,0.5,2,False
2026-09-07,Peng Xiao,50,40,0.5061,0.2206,1.0,0.3039,0.5,1,False
2026-09-07,Adriel Fung,51,41,0.5025,0.5098,0.5,0.5,0.5,1,False
2026-09-07,Jiali Chen,52,42,0.4951,0.5392,0.3333,0.6078,0.5,3,False
2026-09-07,Hangliang Ding,53,42,0.4942,0.451,0.2807,0.7451,0.5,9,False
2026-09-07,Hao Zhang,54,43,0.4922,0.4706,0.4211,0.7647,0.3125,4,True
2026-09-07,lb203,55,44,0.4645,0.5,0.1228,0.7353,0.5,1,False
2026-09-07,Adhvay Iyer,56,45,0.4583,0.6863,0.5,0.1471,0.5,1,False
2026-09-07,Sopiko Kurdadze,57,46,0.4543,0.4608,0.386,0.4706,0.5,1,False
2026-09-07,SYLAR,58,47,0.4449,0.2206,0.5,0.5588,0.5,1,False
2026-09-07,Yuzhou Nie,59,48,0.4431,0.4902,0.3509,0.4314,0.5,1,False
2026-09-07,Yogya Mehrotra,60,49,0.4375,0.2206,0.5,0.5294,0.5,1,False
2026-09-07,Qi Jia,61,50,0.4344,0.2206,0.4386,0.5784,0.5,2,False
2026-09-07,rlsu9,62,51,0.4316,0.4412,0.1579,0.6275,0.5,24,False
2026-09-07,zainnh,63,52,0.4252,0.2206,0.5,0.4804,0.5,1,False
2026-09-07,applesaucethebun,64,53,0.4036,0.2206,0.4035,0.4902,0.5,2,False
2026-09-07,Utkarsh Ranjan,65,54,0.3934,0.2206,0.5,0.3529,0.5,1,False
2026-09-07,pkisfaludi-nv,66,55,0.3909,0.2206,0.5,0.3431,0.5,1,False
2026-09-07,Shahrad Zomorrodi,67,56,0.3885,0.2206,0.5,0.3333,0.5,1,False
2026-09-07,Haochen Jiang,68,57,0.386,0.2206,0.5,0.3235,0.5,1,False
2026-09-07,Zihang-He,69,58,0.372,0.2206,0.2281,0.5392,0.5,2,False
2026-09-07,Eitan Turok,70,59,0.3513,0.2206,0.2632,0.4216,0.5,1,False
2026-09-07,Junda Chen,71,60,0.3443,0.5196,0.2105,0.1471,0.5,1,False
2026-09-07,Brayden Zhong,72,61,0.3419,0.2206,0.5,0.1471,0.5,2,False
2026-09-07,BrianChenn1129,73,61,0.3419,0.2206,0.5,0.1471,0.5,1,False
2026-09-07,Darren Sadr,74,61,0.3419,0.2206,0.5,0.1471,0.5,1,False
2026-09-07,EricLiang,75,61,0.3419,0.2206,0.5,0.1471,0.5,1,False
2026-09-07,Gnav3852,76,61,0.3419,0.2206,0.5,0.1471,0.5,1,False
2026-09-07,Kyle,77,61,0.3419,0.2206,0.5,0.1471,0.5,1,False
2026-09-07,KyleS1016,78,61,0.3419,0.2206,0.5,0.1471,0.5,1,False
2026-09-07,LinB203,79,61,0.3419,0.2206,0.5,0.1471,0.5,1,False
2026-09-07,Mrinaal Dogra,80,61,0.3419,0.2206,0.5,0.1471,0.5,1,False
2026-09-07,Peiyuan,81,61,0.3419,0.2206,0.5,0.1471,0.5,1,False
2026-09-07,Runlong,82,61,0.3419,0.2206,0.5,0.1471,0.5,1,False
2026-09-07,"Vaish, Ishan",83,61,0.3419,0.2206,0.5,0.1471,0.5,3,False
2026-09-07,Xingyu Long,84,61,0.3419,0.2206,0.5,0.1471,0.5,1,False
2026-09-07,abaghyangor,85,61,0.3419,0.2206,0.5,0.1471,0.5,1,False
2026-09-07,ainsley,86,61,0.3419,0.2206,0.5,0.1471,0.5,1,False
2026-09-07,guangyi,87,61,0.3419,0.2206,0.5,0.1471,0.5,1,False
2026-09-07,kiritorl,88,61,0.3419,0.2206,0.5,0.1471,0.5,1,False
2026-09-07,root,89,61,0.3419,0.2206,0.5,0.1471,0.5,1,False
2026-09-07,roywang <roywang>,90,61,0.3419,0.2206,0.5,0.1471,0.5,3,False
2026-09-07,ryanM154,91,61,0.3419,0.2206,0.5,0.1471,0.5,1,False
2026-09-07,zbchu2,92,61,0.3419,0.2206,0.5,0.1471,0.5,2,False
2026-09-07,肖鹏,93,61,0.3419,0.2206,0.5,0.1471,0.5,1,False
2026-09-07,Kevinzz,94,62,0.3368,0.2206,0.1754,0.451,0.5,1,False
2026-09-07,Zhaobin Chu,95,63,0.3331,0.2206,0.2982,0.3137,0.5,2,False
2026-09-07,Luis Catacora,96,64,0.3191,0.2206,0.193,0.3627,0.5,1,False
2026-09-07,Ketaki Tank,97,65,0.252,0.2206,0.1404,0.1471,0.5,2,False
2026-09-07,MartinPernus,98,66,0.2279,0.2206,0.0439,0.1471,0.5,1,False
2026-09-07,Tuyabei,99,66,0.2279,0.2206,0.0439,0.1471,0.5,1,False
2026-09-07,Y-aang,100,66,0.2279,0.2206,0.0439,0.1471,0.5,1,False
2026-09-07,eeecho,101,66,0.2279,0.2206,0.0439,0.1471,0.5,1,False
2026-09-07,Darren,102,67,0.1897,0.2206,0.0877,0.2941,0.1562,5,True
