run_date,author,rank,tier,impact,own,surv,coup,rev,commits,has_review_data
2026-07-11,comfyanonymous,1,1,0.9689,1.0,0.8755,1.0,1.0,2928,True
2026-07-11,guill,2,2,0.9033,0.9807,0.6615,0.9871,0.9839,41,True
2026-07-11,filtered,3,3,0.897,0.8842,0.8132,0.9164,0.9743,27,True
2026-07-11,Alexander Piskun,4,4,0.8634,0.9904,0.5019,0.9968,0.9646,331,True
2026-07-11,Terry Jia,5,5,0.8608,0.9936,0.5525,0.9678,0.9293,55,True
2026-07-11,Jukka Seppänen,6,6,0.8584,0.9968,0.4786,0.9904,0.9678,86,True
2026-07-11,Luke Mino-Altherr,7,7,0.8535,0.9839,0.5136,0.9743,0.9421,8,True
2026-07-11,Arjan Singh,8,8,0.8451,0.8971,0.6809,0.8907,0.9116,3,True
2026-07-11,Christian Byrne,9,9,0.8411,0.9646,0.4514,0.9711,0.9775,98,True
2026-07-11,drozbay,10,10,0.8378,0.9389,0.5875,0.9196,0.9051,18,True
2026-07-11,Alexis Rolland,11,11,0.834,0.91,0.5,0.9325,0.9936,43,True
2026-07-11,Dante,12,12,0.8323,0.9196,0.5253,0.9582,0.926,3,True
2026-07-11,Jedrzej Kosinski,13,13,0.829,0.9871,0.3385,0.9936,0.9968,120,True
2026-07-11,blepping,14,14,0.8263,0.9228,0.4981,0.9228,0.9614,13,True
2026-07-11,Matt Miller,15,15,0.8215,0.9743,0.5,0.9518,0.8601,37,True
2026-07-11,Simon Pinfold,16,16,0.8147,0.9421,0.5,0.8971,0.9196,2,True
2026-07-11,rattus,17,17,0.8136,0.955,0.3346,0.9839,0.9807,134,True
2026-07-11,"Alex ""mcmonkey"" Goodwin",18,18,0.8104,0.8939,0.428,0.9293,0.9904,18,True
2026-07-11,enzymezoo-code,19,19,0.8043,0.926,0.9728,0.9003,0.418,1,True
2026-07-11,Dr.Lt.Data,20,20,0.8038,0.9453,0.3696,0.955,0.9453,43,True
2026-07-11,City,21,21,0.8014,0.9164,0.4903,0.9389,0.8601,8,True
2026-07-11,Robin Huang,22,22,0.7935,0.9614,0.2802,0.9614,0.9711,34,True
2026-07-11,shawnington,23,23,0.7819,0.7685,0.5681,0.8328,0.9582,4,True
2026-07-11,mligaintart,24,24,0.7774,0.8714,0.965,0.8553,0.418,1,True
2026-07-11,chaObserv,25,25,0.7764,0.9325,0.4319,0.881,0.8601,27,True
2026-07-11,Chenlei Hu,26,26,0.7659,0.9518,0.144,0.9807,0.9871,101,True
2026-07-11,krigeta,27,27,0.7633,0.8794,0.4553,0.8585,0.8601,1,True
2026-07-11,Johnpaul Chiwetelu,28,28,0.7612,0.8039,0.6381,0.7428,0.8601,3,True
2026-07-11,pythongosssss,29,29,0.7604,0.9582,0.1829,0.9646,0.9357,76,True
2026-07-11,Lodestone,30,30,0.7578,0.8794,0.4397,0.8521,0.8601,2,True
2026-07-11,Zhenyu Zhou,31,31,0.7436,0.9003,0.8521,0.8039,0.418,1,True
2026-07-11,Yoland Yan,32,32,0.7421,0.8264,0.393,0.7974,0.9518,21,True
2026-07-11,Tavi Halperin,33,32,0.7418,0.8875,0.3658,0.8199,0.8939,4,True
2026-07-11,Raphael Walker,34,33,0.7317,0.8199,0.7821,0.9068,0.418,6,True
2026-07-11,catboxanon,35,34,0.7306,0.836,0.7938,0.8746,0.418,12,True
2026-07-11,Benjamin Lu,36,35,0.7291,0.8682,0.7588,0.8714,0.418,7,True
2026-07-11,ric-yu,37,36,0.7285,0.9357,0.6148,0.9453,0.418,4,True
2026-07-11,PhilWun,38,37,0.7132,0.791,0.856,0.7878,0.418,1,True
2026-07-11,BlenderNeko,39,38,0.7123,0.8553,0.6498,0.926,0.418,15,True
2026-07-11,Hayden,40,39,0.7111,0.8457,0.716,0.865,0.418,1,True
2026-07-11,Kohaku-Blueleaf,41,40,0.71,0.9775,0.4669,0.9775,0.418,19,True
2026-07-11,FuamiCake,42,41,0.7078,0.3842,0.751,0.836,0.8601,2,True
2026-07-11,EllangoK,43,42,0.7042,0.8312,0.2218,0.9035,0.8601,11,True
2026-07-11,Talmaj,44,43,0.7002,0.9711,0.463,0.9486,0.418,11,True
2026-07-11,asagi4,45,44,0.697,0.3842,0.9261,0.6174,0.8601,3,True
2026-07-11,SHIVANSH GUPTA,46,45,0.6961,0.8135,0.7393,0.8135,0.418,1,True
2026-07-11,Eugene Fairley,47,46,0.6944,0.8907,0.6265,0.8424,0.418,1,True
2026-07-11,John Pollock,48,47,0.6933,0.9678,0.5,0.8875,0.418,4,True
2026-07-11,space-nuko,49,48,0.6924,0.9035,0.5058,0.9421,0.418,27,True
2026-07-11,coderfromthenorth93,50,49,0.6899,0.8006,0.7626,0.7781,0.418,1,True
2026-07-11,40476,51,49,0.6894,0.7862,0.8366,0.717,0.418,1,True
2026-07-11,Yousef R. Gamaleldin,52,50,0.6862,0.9486,0.4942,0.8842,0.418,6,True
2026-07-11,Denys Smirnov,53,51,0.6791,0.3842,0.8949,0.5434,0.8939,1,True
2026-07-11,RandomGitUser321,54,52,0.6681,0.3842,0.8716,0.5563,0.8601,2,True
2026-07-11,sALTaccount,55,53,0.6673,0.8521,0.5214,0.8778,0.418,7,True
2026-07-11,Yourz,56,54,0.6642,0.3842,0.607,0.7717,0.8939,1,True
2026-07-11,Zoltán Dócs,57,55,0.653,0.7781,0.5992,0.8167,0.418,1,True
2026-07-11,Dmytro Mishkin,58,56,0.6523,0.7862,0.6654,0.7395,0.418,1,True
2026-07-11,Dango233,59,57,0.6352,0.7942,0.6342,0.6945,0.418,1,True
2026-07-11,mengqin,60,58,0.6346,0.8232,0.4708,0.8264,0.418,1,True
2026-07-11,Deep Mehta,61,59,0.634,0.9293,0.2529,0.9357,0.418,2,True
2026-07-11,MoonRide303,62,60,0.6334,0.8424,0.4436,0.8296,0.418,6,True
2026-07-11,woctordho,63,61,0.6323,0.8746,0.4358,0.8006,0.418,2,True
2026-07-11,George0726,64,62,0.6317,0.865,0.4047,0.8392,0.418,1,True
2026-07-11,AustinMroz,65,62,0.6317,0.8617,0.3852,0.8617,0.418,5,True
2026-07-11,YAN Wenkun,66,63,0.6289,0.3842,0.9319,0.7814,0.418,1,True
2026-07-11,thot experiment,67,64,0.6277,0.9068,0.2763,0.91,0.418,14,True
2026-07-11,contentis,68,65,0.6224,0.9132,0.2646,0.8939,0.418,9,True
2026-07-11,Alexander Brown,69,66,0.6214,0.3842,0.7315,0.4148,0.955,5,True
2026-07-11,Pauan,70,67,0.6182,0.8312,0.5,0.7235,0.418,2,True
2026-07-11,Thomas Ward,71,68,0.6176,0.3842,0.9222,0.746,0.418,1,True
2026-07-11,Garrett Sutula,72,68,0.6174,0.3842,0.8988,0.7685,0.418,1,True
2026-07-11,Guo Y.K,73,68,0.617,0.3842,0.7977,0.8682,0.418,4,True
2026-07-11,liminfei-amd,74,69,0.6125,0.7733,0.5,0.7588,0.418,3,True
2026-07-11,Silver,75,70,0.6116,0.8585,0.2568,0.9132,0.418,17,True
2026-07-11,Peter Crabtree,76,71,0.6075,0.7733,0.5603,0.6785,0.418,2,True
2026-07-11,Simon Lui,77,72,0.6033,0.3842,0.2685,0.8489,0.9116,15,True
2026-07-11,Hari,78,73,0.5993,0.7814,0.5097,0.6881,0.418,1,True
2026-07-11,Oleksiy Nehlyadyuk,79,73,0.599,0.3842,0.9572,0.6367,0.418,1,True
2026-07-11,TFWol,80,74,0.5956,0.3842,0.9144,0.6656,0.418,2,True
2026-07-11,Ashen,81,74,0.5955,0.3842,0.9047,0.6752,0.418,1,True
2026-07-11,Bob Du,82,75,0.5911,0.3842,0.9319,0.6302,0.418,1,True
2026-07-11,Xrvk,83,75,0.5907,0.3842,0.9047,0.6559,0.418,1,True
2026-07-11,Jaret Burkett,84,76,0.5894,0.3842,0.7899,0.7653,0.418,1,True
2026-07-11,BVH,85,77,0.5866,0.8087,0.4125,0.7074,0.418,4,True
2026-07-11,BiologicalExplosion,86,78,0.5842,0.3842,0.7276,0.8071,0.418,2,True
2026-07-11,Imran Azeez,87,78,0.5842,0.3842,0.9494,0.5852,0.418,1,True
2026-07-11,tsone,88,79,0.5836,0.3842,0.9533,0.5788,0.418,1,True
2026-07-11,Alex Butler,89,79,0.5833,0.3842,0.4475,0.582,0.9196,3,True
2026-07-11,edikius,90,79,0.5832,0.3842,1.0,0.5305,0.418,1,True
2026-07-11,seed93,91,80,0.5807,0.8167,0.3969,0.6913,0.418,2,True
2026-07-11,Joe Colburn,92,81,0.579,0.3842,0.9961,0.5177,0.418,1,True
2026-07-11,Aarni Koskela,93,81,0.5786,0.3842,0.8482,0.2219,0.8601,1,True
2026-07-11,badayvedat,94,82,0.5766,0.3842,0.9416,0.5627,0.418,2,True
2026-07-11,Tom,95,83,0.5731,0.3842,0.8794,0.6109,0.418,1,True
2026-07-11,Joey Ballentine,96,83,0.5731,0.3842,0.8405,0.6495,0.418,1,True
2026-07-11,Acly,97,83,0.5729,0.3842,0.3463,0.701,0.8601,2,True
2026-07-11,来新璐,98,84,0.5724,0.8489,0.2607,0.7621,0.418,1,True
2026-07-11,Hunter,99,85,0.5715,0.3842,0.6109,0.4309,0.8601,1,True
2026-07-11,Jairo Correa,100,86,0.5708,0.3842,0.1595,0.8457,0.8939,10,True
2026-07-11,David Jeske,101,87,0.57,0.3842,0.9183,0.5595,0.418,1,True
2026-07-11,gameltb,102,88,0.5686,0.3842,0.9611,0.5113,0.418,1,True
2026-07-11,Huazhong Ji,103,89,0.5679,0.3842,0.6848,0.7846,0.418,1,True
2026-07-11,ComfyUI-Community,104,90,0.5616,0.3842,0.9844,0.4598,0.418,1,True
2026-07-11,Sean Lynch,105,91,0.5597,0.3842,0.9689,0.4678,0.418,1,True
2026-07-11,Bradley Reynolds,106,92,0.5547,0.3842,0.8249,0.5916,0.418,1,True
2026-07-11,Gavroche CryptoRUSH,107,92,0.5543,0.3842,0.9922,0.4228,0.418,1,True
2026-07-11,Michael Poutre,108,92,0.5543,0.3842,0.1673,0.7267,0.9389,6,True
2026-07-11,david02871,109,93,0.5508,0.3842,0.8833,0.5177,0.418,1,True
2026-07-11,Janek Mann,110,93,0.5508,0.3842,0.9377,0.463,0.418,1,True
2026-07-11,Rizumu Ayaka,111,94,0.5484,0.3842,0.642,0.7492,0.418,1,True
2026-07-11,Darion,112,95,0.547,0.3842,0.8872,0.4984,0.418,1,True
2026-07-11,pharmapsychotic,113,96,0.5463,0.3842,0.7237,0.6592,0.418,1,True
2026-07-11,Haoming,114,97,0.5449,0.3842,0.6732,0.7042,0.418,7,True
2026-07-11,Extraltodeus,115,98,0.5444,0.3842,0.7354,0.6399,0.418,1,True
2026-07-11,Ridan Vandenbergh,116,99,0.5352,0.3842,0.9767,0.3617,0.418,1,True
2026-07-11,Bratzmeister,117,100,0.5326,0.3842,0.8444,0.4839,0.418,1,True
2026-07-11,Faych,118,101,0.5311,0.3842,0.6887,0.6334,0.418,1,True
2026-07-11,Deep Roy,119,102,0.5305,0.3842,0.5642,0.7556,0.418,1,True
2026-07-11,Brendan Hoar,120,103,0.5298,0.3842,0.7704,0.5466,0.418,1,True
2026-07-11,bmcomfy,121,104,0.5292,0.8392,0.7549,0.1045,0.418,1,True
2026-07-11,power88,122,105,0.5279,0.3842,0.4864,0.8232,0.418,1,True
2026-07-11,zhoufan2956,123,105,0.5278,0.3842,0.8171,0.492,0.418,1,True
2026-07-11,honglyua,124,106,0.5218,0.3842,0.5486,0.7363,0.418,1,True
2026-07-11,WAS,125,107,0.5208,0.3842,0.9883,0.2926,0.418,1,True
2026-07-11,Alvin Tang,126,108,0.5193,0.3842,0.5,0.2733,0.9196,2,True
2026-07-11,Zhong-Yu Li,127,109,0.5174,0.8087,0.4202,0.4228,0.418,1,True
2026-07-11,Jim Winkens,128,110,0.5166,0.3842,0.8911,0.373,0.418,1,True
2026-07-11,SD,129,111,0.5121,0.3842,0.7782,0.4678,0.418,1,True
2026-07-11,Farshore,130,111,0.512,0.3842,0.6459,0.5997,0.418,1,True
2026-07-11,Enrico Fasoli,131,111,0.5117,0.3842,0.7043,0.5402,0.418,1,True
2026-07-11,huemin,132,112,0.5112,0.3842,0.5447,0.6977,0.418,1,True
2026-07-11,vidigoat,133,113,0.508,0.3842,0.5,0.7299,0.418,1,True
2026-07-11,TTPlanetPig,134,114,0.5074,0.3842,0.9105,0.3167,0.418,1,True
2026-07-11,Xiaodong Xie,135,115,0.506,0.3842,0.8599,0.3617,0.418,1,True
2026-07-11,xufeng,136,116,0.5045,0.3842,0.4825,0.7331,0.418,1,True
2026-07-11,Olexandr88,137,117,0.5039,0.3842,0.7743,0.4389,0.418,1,True
2026-07-11,Alexopus,138,118,0.5024,0.3842,0.9805,0.2267,0.418,1,True
2026-07-11,Yukimasa Funaoka,139,119,0.5014,0.3842,0.5409,0.6624,0.418,1,True
2026-07-11,AustinMroz <austinmroz>,140,120,0.5006,0.3842,0.8016,0.3987,0.418,2,True
2026-07-11,Guy Niv,141,120,0.5006,0.3842,0.7082,0.492,0.418,1,True
2026-07-11,feffy380,142,120,0.5004,0.3842,0.9455,0.254,0.418,1,True
2026-07-11,Koratahiu,143,120,0.5,0.7974,0.3619,0.4228,0.418,1,True
2026-07-11,Markury,144,121,0.4988,0.3842,0.6206,0.5723,0.418,1,True
2026-07-11,Alexander G. Morano,145,121,0.4986,0.3842,0.8093,0.3826,0.418,1,True
2026-07-11,Rui Wang (王瑞),146,122,0.4966,0.3842,0.7004,0.4839,0.418,1,True
2026-07-11,Kadir Nar,147,123,0.4957,0.3842,0.8638,0.3167,0.418,1,True
2026-07-11,Adi Borochov,148,124,0.4936,0.3842,0.5837,0.5884,0.418,1,True
2026-07-11,LaVie024,149,124,0.4935,0.3842,0.072,0.6238,0.8939,2,True
2026-07-11,Octopus,150,125,0.4928,0.3842,0.5,0.6688,0.418,3,True
2026-07-11,编程界的小学生,151,126,0.4875,0.3842,0.786,0.3617,0.418,1,True
2026-07-11,person4268,152,126,0.4871,0.3842,0.5,0.6463,0.418,1,True
2026-07-11,nomadoor,153,127,0.4864,0.3842,0.5292,0.6141,0.418,2,True
2026-07-11,Lucas - BLOCK33,154,128,0.4858,0.3842,0.4591,0.6817,0.418,1,True
2026-07-11,josephrocca,155,128,0.4854,0.3842,0.7471,0.3923,0.418,1,True
2026-07-11,Andrew Kvochko,156,129,0.4841,0.3842,0.2179,0.4019,0.9325,6,True
2026-07-11,Mario Klingemann,157,129,0.4839,0.3842,0.6576,0.4759,0.418,1,True
2026-07-11,FeepingCreature,158,130,0.4818,0.3842,0.3307,0.7942,0.418,3,True
2026-07-11,Thor-ATX,159,131,0.481,0.3842,0.1556,0.4791,0.9051,1,True
2026-07-11,realazthat,160,132,0.4782,0.3842,0.358,0.7524,0.418,2,True
2026-07-11,karrycharon,161,132,0.4779,0.3842,0.3891,0.7203,0.418,2,True
2026-07-11,lky,162,132,0.4779,0.3842,0.8327,0.2765,0.418,1,True
2026-07-11,Jin Yi,163,133,0.4763,0.3842,0.5564,0.1045,0.8601,1,True
2026-07-11,j2gg0s,164,134,0.4755,0.3842,0.5,0.5997,0.418,1,True
2026-07-11,FizzleDorf,165,135,0.4741,0.3842,0.3191,0.7749,0.418,4,True
2026-07-11,flybirdxx,166,135,0.4738,0.3842,0.5175,0.5756,0.418,1,True
2026-07-11,Pam,167,136,0.4726,0.3842,0.3774,0.7106,0.418,7,True
2026-07-11,kelseyee,168,137,0.4695,0.3842,0.6304,0.4453,0.418,2,True
2026-07-11,Maksim,169,138,0.4678,0.3842,0.5,0.5691,0.418,1,True
2026-07-11,Sergii Dymchenko,170,139,0.4644,0.3842,0.8288,0.2267,0.418,1,True
2026-07-11,Arthur R Longbottom,171,140,0.4635,0.3842,0.5953,0.4566,0.418,2,True
2026-07-11,savvadesogle,172,141,0.463,0.3842,0.5,0.5498,0.418,1,True
2026-07-11,matt3o,173,141,0.463,0.3842,0.8054,0.2444,0.418,1,True
2026-07-11,liesen,174,142,0.4622,0.3842,0.5,0.1045,0.8601,2,True
2026-07-11,Daniel Harte,175,143,0.4613,0.3842,0.6926,0.3505,0.418,1,True
2026-07-11,m957ymj75urz,176,144,0.4596,0.3842,0.2257,0.8103,0.418,13,True
2026-07-11,dxqb,177,145,0.4588,0.3842,0.6537,0.3794,0.418,1,True
2026-07-11,Jim Heising,178,146,0.4583,0.3842,0.6693,0.3617,0.418,1,True
2026-07-11,HishamC,179,147,0.4566,0.3842,0.4163,0.6077,0.418,1,True
2026-07-11,Hacker 17082006,180,148,0.4518,0.3842,0.214,0.791,0.418,8,True
2026-07-11,fappaz,181,149,0.4454,0.3842,0.6031,0.3762,0.418,2,True
2026-07-11,Lex,182,150,0.4436,0.3842,0.8677,0.1045,0.418,1,True
2026-07-11,Mylo,183,151,0.4425,0.3842,0.6206,0.3473,0.418,1,True
2026-07-11,Brandon Wallace,184,152,0.4402,0.3842,0.7432,0.2154,0.418,1,True
2026-07-11,Abdul Rehman,185,153,0.4389,0.3842,0.5,0.4534,0.418,1,True
2026-07-11,EverNebula,186,154,0.4373,0.3842,0.677,0.2701,0.418,1,True
2026-07-11,saurabh-pingale,187,154,0.4369,0.3842,0.4086,0.537,0.418,1,True
2026-07-11,bebebe666,188,155,0.4364,0.3842,0.2296,0.7138,0.418,1,True
2026-07-11,Jodh Singh,189,156,0.4352,0.3842,0.7198,0.2186,0.418,1,True
2026-07-11,yoinked,190,156,0.4351,0.3842,0.3113,0.627,0.418,3,True
2026-07-11,Finn-Hecker,191,157,0.4326,0.3842,0.6965,0.2315,0.418,1,True
2026-07-11,JettHu,192,158,0.4321,0.3842,0.2412,0.6849,0.418,6,True
2026-07-11,bananasss00,193,158,0.4319,0.3842,0.821,0.1045,0.418,1,True
2026-07-11,Qiacheng Li,194,159,0.4305,0.3842,0.3152,0.6045,0.418,2,True
2026-07-11,lostdisc,195,160,0.4297,0.3842,0.5759,0.3408,0.418,1,True
2026-07-11,Omri Marom,196,161,0.427,0.3842,0.4008,0.5048,0.418,1,True
2026-07-11,box4wangjing,197,161,0.4268,0.3842,0.5,0.4051,0.418,1,True
2026-07-11,Vladimir Semyonov,198,162,0.4253,0.3842,0.3813,0.5177,0.418,1,True
2026-07-11,ramyma,199,162,0.4252,0.3842,0.537,0.3617,0.418,2,True
2026-07-11,Matthew Turnshek,200,163,0.4242,0.3842,0.2996,0.5949,0.418,1,True
2026-07-11,PxTicks,201,164,0.4235,0.3842,0.5798,0.3119,0.418,1,True
2026-07-11,Edoardo Carmignani,202,165,0.4228,0.3842,0.5,0.3891,0.418,1,True
2026-07-11,Yurii Mazurevich,203,165,0.4228,0.3842,0.323,0.5659,0.418,3,True
2026-07-11,omahs,204,166,0.422,0.3842,0.5,0.3859,0.418,1,True
2026-07-11,Kent Mewhort,205,167,0.4183,0.3842,0.7665,0.1045,0.418,1,True
2026-07-11,PsychoLogicAu,206,167,0.4179,0.3842,0.4241,0.4453,0.418,2,True
2026-07-11,Chris,207,168,0.4141,0.3842,0.2335,0.6206,0.418,4,True
2026-07-11,askmyteapot,208,169,0.4132,0.3842,0.3424,0.508,0.418,1,True
2026-07-11,Michael Abrahams,209,170,0.4114,0.3842,0.1712,0.672,0.418,1,True
2026-07-11,僵尸浩,210,171,0.4097,0.3842,0.4747,0.3617,0.418,1,True
2026-07-11,iChrist,211,172,0.4084,0.3842,0.5,0.3312,0.418,1,True
2026-07-11,shiimizu,212,172,0.408,0.3842,0.1868,0.6431,0.418,1,True
2026-07-11,Soof Golan,213,173,0.4076,0.3842,0.5,0.328,0.418,1,True
2026-07-11,xeinherjer,214,173,0.4075,0.3842,0.5914,0.2363,0.418,1,True
2026-07-11,apophis,215,174,0.4064,0.3842,0.5,0.3232,0.418,1,True
2026-07-11,BradPepersAMD,216,175,0.4053,0.3842,0.3268,0.492,0.418,1,True
2026-07-11,Laurent Erignoux,217,176,0.4047,0.3842,0.7121,0.1045,0.418,1,True
2026-07-11,Harel Cain,218,176,0.4046,0.3842,0.5331,0.283,0.418,3,True
2026-07-11,Jun Yamog,219,177,0.4019,0.3842,0.5,0.3055,0.418,1,True
2026-07-11,yy,220,177,0.4019,0.3842,0.5,0.3055,0.418,1,True
2026-07-11,Gangin Park,221,177,0.4018,0.3842,0.3035,0.5016,0.418,1,True
2026-07-11,reaper47,222,178,0.4007,0.3842,0.1479,0.6527,0.418,4,True
2026-07-11,Rainer,223,178,0.4003,0.3842,0.5,0.299,0.418,1,True
2026-07-11,Jorge Campo,224,179,0.3988,0.3842,0.3541,0.4389,0.418,1,True
2026-07-11,EXA4V,225,179,0.3987,0.3842,0.5,0.2926,0.418,1,True
2026-07-11,Charles Chan,226,180,0.3971,0.3842,0.5,0.2862,0.418,1,True
2026-07-11,Corey,227,181,0.3966,0.3842,0.3502,0.4341,0.418,1,True
2026-07-11,Paulo Muggler Moreira,228,182,0.3958,0.3842,0.572,0.209,0.418,1,True
2026-07-11,lin-bot23,229,182,0.3955,0.3842,0.5,0.2797,0.418,1,True
2026-07-11,Gilad Schreiber,230,183,0.3923,0.3842,0.5,0.2669,0.418,1,True
2026-07-11,喵哩个咪,231,184,0.3917,0.3842,0.2374,0.5273,0.418,1,True
2026-07-11,Ivan Zorin,232,185,0.3875,0.3842,0.5,0.2476,0.418,2,True
2026-07-11,Quasar of Mikus,233,186,0.3859,0.3842,0.5,0.2412,0.418,1,True
2026-07-11,angad777,234,187,0.3846,0.3842,0.5,0.2363,0.418,1,True
2026-07-11,Changrz,235,188,0.3826,0.3842,0.1946,0.5338,0.418,3,True
2026-07-11,Cezarijus Kivylius,236,189,0.3786,0.3842,0.5,0.2122,0.418,1,True
2026-07-11,tdrussell,237,190,0.3775,0.3842,0.3735,0.3344,0.418,1,True
2026-07-11,missionfloyd,238,190,0.3773,0.3842,0.072,0.1045,0.9486,6,True
2026-07-11,Chargeuk,239,191,0.3768,0.3842,0.1518,0.5531,0.418,1,True
2026-07-11,ljleb,240,192,0.3745,0.3842,0.284,0.4116,0.418,1,True
2026-07-11,Scorpinaus,241,192,0.3744,0.3842,0.2451,0.4502,0.418,1,True
2026-07-11,藍+85CD,242,193,0.3724,0.3842,0.1634,0.5241,0.418,6,True
2026-07-11,BazettFraga,243,194,0.3703,0.3842,0.2062,0.4727,0.418,3,True
2026-07-11,DELUXA,244,195,0.3597,0.3842,0.2957,0.3408,0.418,2,True
2026-07-11,flyingshutter,245,196,0.3552,0.3842,0.072,0.1045,0.8601,2,True
2026-07-11,Uriel Deveaud,246,197,0.3539,0.3842,0.1907,0.4228,0.418,2,True
2026-07-11,vickytsang,247,197,0.3539,0.3842,0.2724,0.3408,0.418,1,True
2026-07-11,Nick Teeple,248,198,0.3532,0.3842,0.2023,0.4084,0.418,1,True
2026-07-11,Amp,249,199,0.3517,0.3842,0.5,0.1045,0.418,5,True
2026-07-11,Bedovyy,250,199,0.3517,0.3842,0.5,0.1045,0.418,1,True
2026-07-11,ChrisFab16,251,199,0.3517,0.3842,0.5,0.1045,0.418,1,True
2026-07-11,Dango233 <zhengyizhou>,252,199,0.3517,0.3842,0.5,0.1045,0.418,1,True
2026-07-11,Ginray,253,199,0.3517,0.3842,0.5,0.1045,0.418,1,True
2026-07-11,Hunter Senft-Grupp,254,199,0.3517,0.3842,0.5,0.1045,0.418,1,True
2026-07-11,Kimbing Ng,255,199,0.3517,0.3842,0.5,0.1045,0.418,1,True
2026-07-11,Marwan Mostafa,256,199,0.3517,0.3842,0.5,0.1045,0.418,1,True
2026-07-11,Ni-zav,257,199,0.3517,0.3842,0.5,0.1045,0.418,1,True
2026-07-11,Qirui Sun,258,199,0.3517,0.3842,0.5,0.1045,0.418,1,True
2026-07-11,Rattus <rattus128>,259,199,0.3517,0.3842,0.5,0.1045,0.418,3,True
2026-07-11,THE MACHINE,260,199,0.3517,0.3842,0.5,0.1045,0.418,1,True
2026-07-11,Talmaj Marinc,261,199,0.3517,0.3842,0.5,0.1045,0.418,2,True
2026-07-11,ThereforeGames,262,199,0.3517,0.3842,0.5,0.1045,0.418,1,True
2026-07-11,YukMingLaw,263,199,0.3517,0.3842,0.5,0.1045,0.418,1,True
2026-07-11,huzhan,264,199,0.3517,0.3842,0.5,0.1045,0.418,2,True
2026-07-11,liangd,265,199,0.3517,0.3842,0.5,0.1045,0.418,1,True
2026-07-11,linmoumou,266,199,0.3517,0.3842,0.5,0.1045,0.418,1,True
2026-07-11,mingjiang.li,267,199,0.3517,0.3842,0.5,0.1045,0.418,1,True
2026-07-11,ozbayb,268,199,0.3517,0.3842,0.5,0.1045,0.418,6,True
2026-07-11,starmountain1997,269,199,0.3517,0.3842,0.5,0.1045,0.418,1,True
2026-07-11,thorsten,270,199,0.3517,0.3842,0.5,0.1045,0.418,3,True
2026-07-11,drhead,271,200,0.349,0.3842,0.1984,0.3955,0.418,2,True
2026-07-11,Vladislav,272,201,0.3467,0.3842,0.2918,0.2926,0.418,1,True
2026-07-11,Davemane42,273,202,0.3436,0.3842,0.249,0.3232,0.418,1,True
2026-07-11,Krishna Chaitanya,274,202,0.3433,0.3842,0.3074,0.2637,0.418,1,True
2026-07-11,rkfg,275,203,0.3352,0.3842,0.2879,0.2508,0.418,1,True
2026-07-11,Xiangxi Guo (Ryan),276,204,0.3295,0.3842,0.2101,0.3055,0.418,1,True
2026-07-11,Michael Kupchick,277,205,0.3096,0.3842,0.179,0.2572,0.418,2,True
2026-07-11,DenOfEquity,278,205,0.3094,0.3842,0.1751,0.2605,0.418,1,True
2026-07-11,Alexander Dyadyun,279,206,0.2447,0.3842,0.072,0.1045,0.418,1,True
2026-07-11,Anton Bukov,280,206,0.2447,0.3842,0.072,0.1045,0.418,1,True
2026-07-11,BennyKok,281,206,0.2447,0.3842,0.072,0.1045,0.418,1,True
2026-07-11,David,282,206,0.2447,0.3842,0.072,0.1045,0.418,1,True
2026-07-11,Francesco Yoshi Gobbo,283,206,0.2447,0.3842,0.072,0.1045,0.418,2,True
2026-07-11,Hayden Reeve,284,206,0.2447,0.3842,0.072,0.1045,0.418,1,True
2026-07-11,Jesse Gonyou,285,206,0.2447,0.3842,0.072,0.1045,0.418,1,True
2026-07-11,Jianqi Pan,286,206,0.2447,0.3842,0.072,0.1045,0.418,1,True
2026-07-11,Jonathan Avila,287,206,0.2447,0.3842,0.072,0.1045,0.418,1,True
2026-07-11,Kelly Yang,288,206,0.2447,0.3842,0.072,0.1045,0.418,1,True
2026-07-11,Lt.Dr.Data,289,206,0.2447,0.3842,0.072,0.1045,0.418,9,True
2026-07-11,"Reiner ""Tiles"" Prokein",290,206,0.2447,0.3842,0.072,0.1045,0.418,1,True
2026-07-11,Rick Love,291,206,0.2447,0.3842,0.072,0.1045,0.418,1,True
2026-07-11,Silversith,292,206,0.2447,0.3842,0.072,0.1045,0.418,1,True
2026-07-11,Svein Ove Aas,293,206,0.2447,0.3842,0.072,0.1045,0.418,1,True
2026-07-11,TechnoByte,294,206,0.2447,0.3842,0.072,0.1045,0.418,1,True
2026-07-11,Theephop,295,206,0.2447,0.3842,0.072,0.1045,0.418,1,True
2026-07-11,Torbjörn Lönnemark,296,206,0.2447,0.3842,0.072,0.1045,0.418,1,True
2026-07-11,Urle Sistiana,297,206,0.2447,0.3842,0.072,0.1045,0.418,1,True
2026-07-11,Yaruze66,298,206,0.2447,0.3842,0.072,0.1045,0.418,1,True
2026-07-11,a-One-Fan,299,206,0.2447,0.3842,0.072,0.1045,0.418,1,True
2026-07-11,fgdfgfthgr-fox,300,206,0.2447,0.3842,0.072,0.1045,0.418,1,True
2026-07-11,jjangga0214,301,206,0.2447,0.3842,0.072,0.1045,0.418,1,True
2026-07-11,jwd-dev,302,206,0.2447,0.3842,0.072,0.1045,0.418,2,True
2026-07-11,kk-89,303,206,0.2447,0.3842,0.072,0.1045,0.418,1,True
2026-07-11,logtd,304,206,0.2447,0.3842,0.072,0.1045,0.418,1,True
2026-07-11,maedtb,305,206,0.2447,0.3842,0.072,0.1045,0.418,1,True
2026-07-11,mara,306,206,0.2447,0.3842,0.072,0.1045,0.418,1,True
2026-07-11,masterpiecebestquality,307,206,0.2447,0.3842,0.072,0.1045,0.418,1,True
2026-07-11,spacepxl,308,206,0.2447,0.3842,0.072,0.1045,0.418,1,True
2026-07-11,svdc,309,206,0.2447,0.3842,0.072,0.1045,0.418,1,True
2026-07-11,throttlekitty,310,206,0.2447,0.3842,0.072,0.1045,0.418,1,True
2026-07-11,zhangp365,311,206,0.2447,0.3842,0.072,0.1045,0.418,1,True
2026-07-12,comfyanonymous,1,1,0.9678,1.0,0.8711,1.0,1.0,2929,True
2026-07-12,guill,2,2,0.8763,0.9807,0.6484,0.9871,0.8889,41,True
2026-07-12,Chenlei Hu,3,3,0.8574,0.9518,0.5859,0.9807,0.9111,101,True
2026-07-12,filtered,4,4,0.8559,0.8842,0.8008,0.9164,0.8222,27,True
2026-07-12,Alexis Rolland,5,5,0.8245,0.91,0.5,0.9325,0.9556,43,True
2026-07-12,enzymezoo-code,6,6,0.8233,0.926,0.9668,0.9003,0.5,1,False
2026-07-12,Jedrzej Kosinski,7,7,0.8168,0.9871,0.3086,0.9936,0.9778,120,True
2026-07-12,Alexander Piskun,8,8,0.8074,0.9904,0.4648,0.9968,0.7778,331,True
2026-07-12,Jukka Seppänen,9,8,0.8071,0.9968,0.4414,0.9904,0.8,86,True
2026-07-12,Christian Byrne,10,9,0.8041,0.9646,0.4141,0.9711,0.8667,98,True
2026-07-12,mligaintart,11,10,0.8028,0.8714,0.9844,0.8553,0.5,1,False
2026-07-12,"Alex ""mcmonkey"" Goodwin",12,10,0.8024,0.8939,0.4531,0.9293,0.9333,18,True
2026-07-12,Dr.Lt.Data,13,11,0.7952,0.9453,0.6172,0.9518,0.6667,43,True
2026-07-12,rattus,14,12,0.772,0.955,0.3047,0.9839,0.8444,134,True
2026-07-12,blepping,15,13,0.7655,0.9228,0.4609,0.9228,0.7556,13,True
2026-07-12,Zhenyu Zhou,16,14,0.763,0.9003,0.8477,0.8039,0.5,1,False
2026-07-12,space-nuko,17,15,0.7622,0.9035,0.7031,0.9421,0.5,27,False
2026-07-12,Terry Jia,18,16,0.7591,0.9936,0.5195,0.9678,0.5556,55,True
2026-07-12,Raphael Walker,19,17,0.7481,0.8199,0.7656,0.9068,0.5,6,False
2026-07-12,catboxanon,20,17,0.748,0.836,0.7812,0.8746,0.5,12,False
2026-07-12,Benjamin Lu,21,18,0.7454,0.8682,0.7422,0.8714,0.5,7,False
2026-07-12,ric-yu,22,19,0.7427,0.9357,0.5898,0.9453,0.5,4,False
2026-07-12,Luke Mino-Altherr,23,20,0.7337,0.9839,0.4766,0.9743,0.5,8,False
2026-07-12,Matt Miller,24,21,0.7331,0.9743,0.5,0.9582,0.5,37,False
2026-07-12,PhilWun,25,22,0.7326,0.791,0.8516,0.7878,0.5,1,False
2026-07-12,BlenderNeko,26,23,0.7295,0.8553,0.6367,0.926,0.5,15,False
2026-07-12,Hayden,27,24,0.7265,0.8457,0.6953,0.865,0.5,1,False
2026-07-12,Dante,28,25,0.725,0.9196,0.4922,0.955,0.5333,3,True
2026-07-12,Kohaku-Blueleaf,29,26,0.7221,0.9775,0.4336,0.9775,0.5,19,False
2026-07-12,Arjan Singh,30,27,0.7203,0.8971,0.6602,0.8907,0.4333,3,True
2026-07-12,shawnington,31,28,0.7184,0.7685,0.5391,0.8328,0.7333,4,True
2026-07-12,John Pollock,32,29,0.7138,0.9678,0.5,0.8875,0.5,4,False
2026-07-12,SHIVANSH GUPTA,33,30,0.7124,0.8135,0.7227,0.8135,0.5,1,False
2026-07-12,Talmaj,34,31,0.7113,0.9711,0.4258,0.9486,0.5,11,False
2026-07-12,40476,35,32,0.7096,0.7862,0.832,0.7203,0.5,1,False
2026-07-12,Eugene Fairley,36,33,0.7087,0.8907,0.6016,0.8424,0.5,1,False
2026-07-12,Simon Pinfold,37,34,0.707,0.9421,0.5,0.8971,0.4889,2,True
2026-07-12,coderfromthenorth93,38,35,0.7062,0.8006,0.7461,0.7781,0.5,1,False
2026-07-12,pythongosssss,39,36,0.7039,0.9582,0.293,0.9646,0.6,76,True
2026-07-12,drozbay,40,37,0.7015,0.9389,0.5586,0.9196,0.3889,18,True
2026-07-12,Yousef R. Gamaleldin,41,38,0.6975,0.9486,0.457,0.8842,0.5,6,False
2026-07-12,sALTaccount,42,39,0.6795,0.8521,0.4883,0.8778,0.5,7,False
2026-07-12,Robin Huang,43,40,0.6682,0.9614,0.25,0.9614,0.5,34,False
2026-07-12,Dmytro Mishkin,44,41,0.6666,0.7862,0.6406,0.7395,0.5,1,False
2026-07-12,Zoltán Dócs,45,41,0.6663,0.7781,0.5703,0.8167,0.5,1,False
2026-07-12,Lodestone,46,42,0.6585,0.8794,0.4023,0.8521,0.5,2,False
2026-07-12,Yoland Yan,47,43,0.6559,0.8264,0.3555,0.7974,0.6444,21,True
2026-07-12,Dango233,48,44,0.6495,0.7942,0.6094,0.6945,0.5,1,False
2026-07-12,YAN Wenkun,49,45,0.6483,0.3842,0.9277,0.7814,0.5,1,False
2026-07-12,Deep Mehta,50,46,0.6459,0.9293,0.2188,0.9357,0.5,2,False
2026-07-12,mengqin,51,47,0.6448,0.8232,0.4297,0.8264,0.5,1,False
2026-07-12,MoonRide303,52,47,0.6446,0.8424,0.4062,0.8296,0.5,6,False
2026-07-12,AustinMroz,53,48,0.6438,0.8617,0.3516,0.8617,0.5,5,False
2026-07-12,woctordho,54,48,0.6434,0.8746,0.3984,0.8006,0.5,2,False
2026-07-12,George0726,55,49,0.6428,0.865,0.3672,0.8392,0.5,1,False
2026-07-12,thot experiment,56,50,0.6407,0.9068,0.2461,0.91,0.5,14,False
2026-07-12,Michael Poutre,57,51,0.6393,0.3842,0.8242,0.7267,0.6222,6,True
2026-07-12,Pauan,58,52,0.6387,0.8312,0.5,0.7235,0.5,2,False
2026-07-12,Guo Y.K,59,53,0.6373,0.3842,0.7969,0.8682,0.5,4,False
2026-07-12,Thomas Ward,60,53,0.637,0.3842,0.918,0.746,0.5,1,False
2026-07-12,Garrett Sutula,61,53,0.6368,0.3842,0.8945,0.7685,0.5,1,False
2026-07-12,Tavi Halperin,62,54,0.6349,0.8875,0.332,0.8199,0.5,4,False
2026-07-12,contentis,63,55,0.6344,0.9132,0.2305,0.8939,0.5,9,False
2026-07-12,liminfei-amd,64,56,0.633,0.7733,0.5,0.7588,0.5,3,False
2026-07-12,Silver,65,57,0.6236,0.8585,0.2227,0.9132,0.5,17,False
2026-07-12,Jairo Correa,66,58,0.6224,0.3842,0.9375,0.8457,0.3222,10,True
2026-07-12,Oleksiy Nehlyadyuk,67,59,0.6219,0.3842,0.957,0.6463,0.5,1,False
2026-07-12,Peter Crabtree,68,60,0.6208,0.7733,0.5312,0.6785,0.5,2,False
2026-07-12,City,69,61,0.6201,0.9164,0.4805,0.9389,0.1444,8,True
2026-07-12,TFWol,70,62,0.615,0.3842,0.9102,0.6656,0.5,2,False
2026-07-12,Ashen,71,62,0.615,0.3842,0.9004,0.6752,0.5,1,False
2026-07-12,Bob Du,72,63,0.6106,0.3842,0.9277,0.6302,0.5,1,False
2026-07-12,Xrvk,73,63,0.6101,0.3842,0.9004,0.6559,0.5,1,False
2026-07-12,Hari,74,64,0.6096,0.7814,0.4688,0.6881,0.5,1,False
2026-07-12,Jaret Burkett,75,65,0.6067,0.3842,0.7773,0.7653,0.5,1,False
2026-07-12,Imran Azeez,76,66,0.6047,0.3842,0.9492,0.5852,0.5,1,False
2026-07-12,tsone,77,67,0.604,0.3842,0.9531,0.5788,0.5,1,False
2026-07-12,edikius,78,67,0.6037,0.3842,1.0,0.5305,0.5,1,False
2026-07-12,BiologicalExplosion,79,68,0.6006,0.3842,0.7109,0.8071,0.5,2,False
2026-07-12,Joe Colburn,80,69,0.5995,0.3842,0.9961,0.5177,0.5,1,False
2026-07-12,BVH,81,70,0.5978,0.8087,0.375,0.7074,0.5,4,False
2026-07-12,badayvedat,82,71,0.5971,0.3842,0.9414,0.5627,0.5,2,False
2026-07-12,Tom,83,72,0.5925,0.3842,0.875,0.6109,0.5,1,False
2026-07-12,Joey Ballentine,84,72,0.5924,0.3842,0.8359,0.6495,0.5,1,False
2026-07-12,seed93,85,73,0.5919,0.8167,0.3594,0.6913,0.5,2,False
2026-07-12,David Jeske,86,74,0.5894,0.3842,0.9141,0.5595,0.5,1,False
2026-07-12,gameltb,87,74,0.5891,0.3842,0.9609,0.5113,0.5,1,False
2026-07-12,chaObserv,88,75,0.5881,0.9325,0.3945,0.881,0.1444,27,True
2026-07-12,来新璐,89,76,0.5844,0.8489,0.2266,0.7621,0.5,1,False
2026-07-12,Huazhong Ji,90,77,0.5832,0.3842,0.6641,0.7846,0.5,1,False
2026-07-12,Michael Abrahams,91,78,0.5819,0.3842,0.7715,0.672,0.5,1,False
2026-07-12,Chris,92,79,0.5813,0.3842,0.8203,0.6206,0.5,4,False
2026-07-12,ComfyUI-Community,93,79,0.5811,0.3842,0.9805,0.4598,0.5,1,False
2026-07-12,Sean Lynch,94,80,0.5797,0.3842,0.9668,0.4678,0.5,1,False
2026-07-12,Johnpaul Chiwetelu,95,81,0.5761,0.8039,0.6133,0.7428,0.1444,3,True
2026-07-12,krigeta,96,82,0.5751,0.8794,0.418,0.8585,0.1444,1,True
2026-07-12,Gavroche CryptoRUSH,97,82,0.5748,0.3842,0.9922,0.4228,0.5,1,False
2026-07-12,Bradley Reynolds,98,83,0.5721,0.3842,0.8125,0.5916,0.5,1,False
2026-07-12,Janek Mann,99,84,0.5702,0.3842,0.9336,0.463,0.5,1,False
2026-07-12,david02871,100,84,0.5702,0.3842,0.8789,0.5177,0.5,1,False
2026-07-12,Darion,101,85,0.5664,0.3842,0.8828,0.4984,0.5,1,False
2026-07-12,EllangoK,102,86,0.5655,0.8312,0.3828,0.9035,0.1444,11,True
2026-07-12,Rizumu Ayaka,103,87,0.5636,0.3842,0.6211,0.7492,0.5,1,False
2026-07-12,pharmapsychotic,104,88,0.5626,0.3842,0.707,0.6592,0.5,1,False
2026-07-12,Haoming,105,89,0.5602,0.3842,0.6523,0.7042,0.5,7,False
2026-07-12,Extraltodeus,106,89,0.5599,0.3842,0.7188,0.6367,0.5,1,False
2026-07-12,Alexander Brown,107,90,0.5562,0.3842,0.7148,0.4148,0.7111,5,True
2026-07-12,Ridan Vandenbergh,108,91,0.5547,0.3842,0.9727,0.3617,0.5,1,False
2026-07-12,Bratzmeister,109,92,0.552,0.3842,0.8398,0.4839,0.5,1,False
2026-07-12,Faych,110,93,0.5464,0.3842,0.668,0.6334,0.5,1,False
2026-07-12,Brendan Hoar,111,93,0.5462,0.3842,0.7539,0.5466,0.5,1,False
2026-07-12,bmcomfy,112,94,0.5455,0.8392,0.7383,0.1045,0.5,1,False
2026-07-12,zhoufan2956,113,94,0.5452,0.3842,0.8047,0.492,0.5,1,False
2026-07-12,Deep Roy,114,95,0.5438,0.3842,0.5352,0.7556,0.5,1,False
2026-07-12,WAS,115,96,0.5413,0.3842,0.9883,0.2926,0.5,1,False
2026-07-12,power88,116,97,0.5392,0.3842,0.4492,0.8232,0.5,1,False
2026-07-12,honglyua,117,98,0.536,0.3842,0.5234,0.7363,0.5,1,False
2026-07-12,Jim Winkens,118,98,0.536,0.3842,0.8867,0.373,0.5,1,False
2026-07-12,Denys Smirnov,119,99,0.5351,0.3842,0.8906,0.5434,0.3222,1,True
2026-07-12,FizzleDorf,120,100,0.533,0.3842,0.4727,0.7749,0.5,4,False
2026-07-12,Zhong-Yu Li,121,101,0.5296,0.8087,0.3867,0.4228,0.5,1,False
2026-07-12,vidigoat,122,102,0.5285,0.3842,0.5,0.7299,0.5,1,False
2026-07-12,SD,123,102,0.5285,0.3842,0.7617,0.4678,0.5,1,False
2026-07-12,karrycharon,124,103,0.5273,0.3842,0.5078,0.717,0.5,2,False
2026-07-12,Farshore,125,103,0.5272,0.3842,0.625,0.5997,0.5,1,False
2026-07-12,Enrico Fasoli,126,103,0.527,0.3842,0.6836,0.5402,0.5,1,False
2026-07-12,TTPlanetPig,127,103,0.5268,0.3842,0.9062,0.3167,0.5,1,False
2026-07-12,Xiaodong Xie,128,104,0.5254,0.3842,0.8555,0.3617,0.5,1,False
2026-07-12,FuamiCake,129,105,0.5248,0.3842,0.7344,0.836,0.1444,2,True
2026-07-12,huemin,130,105,0.5244,0.3842,0.5156,0.6977,0.5,1,False
2026-07-12,Alexopus,131,106,0.5219,0.3842,0.9766,0.2267,0.5,1,False
2026-07-12,feffy380,132,107,0.5209,0.3842,0.9453,0.254,0.5,1,False
2026-07-12,Olexandr88,133,108,0.5202,0.3842,0.7578,0.4389,0.5,1,False
2026-07-12,AustinMroz <austinmroz>,134,109,0.517,0.3842,0.7852,0.3987,0.5,2,False
2026-07-12,asagi4,135,109,0.517,0.3842,0.9219,0.6174,0.1444,3,True
2026-07-12,Guy Niv,136,110,0.5159,0.3842,0.6875,0.492,0.5,1,False
2026-07-12,xufeng,137,110,0.5157,0.3842,0.4453,0.7331,0.5,1,False
2026-07-12,Kadir Nar,138,111,0.5151,0.3842,0.8594,0.3167,0.5,1,False
2026-07-12,Alexander G. Morano,139,111,0.515,0.3842,0.793,0.3826,0.5,1,False
2026-07-12,Yukimasa Funaoka,140,111,0.5146,0.3842,0.5117,0.6624,0.5,1,False
2026-07-12,Yourz,141,112,0.5141,0.3842,0.5781,0.7717,0.3222,1,True
2026-07-12,Octopus,142,113,0.5133,0.3842,0.5,0.6688,0.5,3,False
2026-07-12,Markury,143,114,0.5126,0.3842,0.5938,0.5723,0.5,1,False
2026-07-12,Koratahiu,144,115,0.5121,0.7974,0.3281,0.4228,0.5,1,False
2026-07-12,Rui Wang (王瑞),145,115,0.512,0.3842,0.6797,0.4839,0.5,1,False
2026-07-12,Adi Borochov,146,116,0.5068,0.3842,0.5547,0.5884,0.5,1,False
2026-07-12,person4268,147,116,0.5068,0.3842,0.5,0.6431,0.5,1,False
2026-07-12,编程界的小学生,148,117,0.5044,0.3842,0.7715,0.3617,0.5,1,False
2026-07-12,josephrocca,149,118,0.5017,0.3842,0.7305,0.3923,0.5,1,False
2026-07-12,nomadoor,150,119,0.4986,0.3842,0.4961,0.6141,0.5,2,False
2026-07-12,Mario Klingemann,151,119,0.4982,0.3842,0.6328,0.4759,0.5,1,False
2026-07-12,lky,152,120,0.4972,0.3842,0.8281,0.2765,0.5,1,False
2026-07-12,Lucas - BLOCK33,153,120,0.4969,0.3842,0.4219,0.6817,0.5,1,False
2026-07-12,j2gg0s,154,121,0.496,0.3842,0.5,0.5997,0.5,1,False
2026-07-12,realazthat,155,122,0.4951,0.3842,0.3438,0.7524,0.5,2,False
2026-07-12,FeepingCreature,156,123,0.494,0.3842,0.3008,0.791,0.5,3,False
2026-07-12,Maksim,157,124,0.4883,0.3842,0.5,0.5691,0.5,1,False
2026-07-12,RandomGitUser321,158,124,0.488,0.3842,0.8672,0.5563,0.1444,2,True
2026-07-12,flybirdxx,159,125,0.486,0.3842,0.4844,0.5756,0.5,1,False
2026-07-12,kelseyee,160,126,0.4846,0.3842,0.6055,0.4486,0.5,2,False
2026-07-12,m957ymj75urz,161,126,0.4842,0.3842,0.2422,0.8103,0.5,13,False
2026-07-12,Pam,162,127,0.4837,0.3842,0.3398,0.7106,0.5,7,False
2026-07-12,savvadesogle,163,127,0.4835,0.3842,0.5,0.5498,0.5,1,False
2026-07-12,Sergii Dymchenko,164,128,0.4818,0.3842,0.8164,0.2267,0.5,1,False
2026-07-12,matt3o,165,129,0.4794,0.3842,0.7891,0.2444,0.5,1,False
2026-07-12,Daniel Harte,166,130,0.4767,0.3842,0.6719,0.3505,0.5,1,False
2026-07-12,Arthur R Longbottom,167,131,0.4758,0.3842,0.5625,0.4566,0.5,2,False
2026-07-12,Simon Lui,168,132,0.4752,0.3842,0.2344,0.8489,0.4333,15,True
2026-07-12,dxqb,169,133,0.4731,0.3842,0.6289,0.3794,0.5,1,False
2026-07-12,Jim Heising,170,134,0.4726,0.3842,0.6445,0.3617,0.5,1,False
2026-07-12,HishamC,171,135,0.4677,0.3842,0.3789,0.6077,0.5,1,False
2026-07-12,Hacker 17082006,172,135,0.4675,0.3842,0.1914,0.7942,0.5,8,False
2026-07-12,Alex Butler,173,136,0.4663,0.3842,0.4102,0.582,0.4889,3,True
2026-07-12,Lex,174,137,0.463,0.3842,0.8633,0.1045,0.5,1,False
2026-07-12,Abdul Rehman,175,138,0.4594,0.3842,0.5,0.4534,0.5,1,False
2026-07-12,fappaz,176,139,0.4587,0.3842,0.5742,0.3762,0.5,2,False
2026-07-12,Mylo,177,140,0.4573,0.3842,0.5977,0.3473,0.5,1,False
2026-07-12,Brandon Wallace,178,141,0.4566,0.3842,0.7266,0.2154,0.5,1,False
2026-07-12,EverNebula,179,142,0.4526,0.3842,0.6562,0.2701,0.5,1,False
2026-07-12,Jodh Singh,180,143,0.4505,0.3842,0.6992,0.2186,0.5,1,False
2026-07-12,bananasss00,181,144,0.4493,0.3842,0.8086,0.1045,0.5,1,False
2026-07-12,bebebe666,182,144,0.4493,0.3842,0.1992,0.7138,0.5,1,False
2026-07-12,yoinked,183,145,0.4481,0.3842,0.2812,0.627,0.5,3,False
2026-07-12,saurabh-pingale,184,145,0.4481,0.3842,0.3711,0.537,0.5,1,False
2026-07-12,Finn-Hecker,185,145,0.4479,0.3842,0.6758,0.2315,0.5,1,False
2026-07-12,box4wangjing,186,146,0.4473,0.3842,0.5,0.4051,0.5,1,False
2026-07-12,JettHu,187,147,0.444,0.3842,0.207,0.6849,0.5,6,False
2026-07-12,Qiacheng Li,188,148,0.4435,0.3842,0.2852,0.6045,0.5,2,False
2026-07-12,Edoardo Carmignani,189,148,0.4433,0.3842,0.5,0.3891,0.5,1,False
2026-07-12,lostdisc,190,148,0.443,0.3842,0.5469,0.3408,0.5,1,False
2026-07-12,omahs,191,149,0.4425,0.3842,0.5,0.3859,0.5,1,False
2026-07-12,Omri Marom,192,150,0.4381,0.3842,0.3633,0.5048,0.5,1,False
2026-07-12,ramyma,193,151,0.4375,0.3842,0.5039,0.3617,0.5,2,False
2026-07-12,Vladimir Semyonov,194,151,0.4374,0.3842,0.3477,0.5177,0.5,1,False
2026-07-12,Matthew Turnshek,195,151,0.4372,0.3842,0.2695,0.5949,0.5,1,False
2026-07-12,PxTicks,196,152,0.4367,0.3842,0.5508,0.3119,0.5,1,False
2026-07-12,Yurii Mazurevich,197,153,0.4348,0.3842,0.2891,0.5659,0.5,3,False
2026-07-12,Kent Mewhort,198,153,0.4347,0.3842,0.75,0.1045,0.5,1,False
2026-07-12,PsychoLogicAu,199,154,0.4309,0.3842,0.3906,0.4486,0.5,2,False
2026-07-12,iChrist,200,155,0.4289,0.3842,0.5,0.3312,0.5,1,False
2026-07-12,Soof Golan,201,156,0.4281,0.3842,0.5,0.328,0.5,1,False
2026-07-12,apophis,202,157,0.4268,0.3842,0.5,0.3232,0.5,1,False
2026-07-12,askmyteapot,203,158,0.4262,0.3842,0.3125,0.508,0.5,1,False
2026-07-12,reaper47,204,159,0.4233,0.3842,0.1562,0.6527,0.5,4,False
2026-07-12,shiimizu,205,159,0.423,0.3842,0.168,0.6399,0.5,1,False
2026-07-12,Jun Yamog,206,160,0.4224,0.3842,0.5,0.3055,0.5,1,False
2026-07-12,yy,207,160,0.4224,0.3842,0.5,0.3055,0.5,1,False
2026-07-12,xeinherjer,208,161,0.4217,0.3842,0.5664,0.2363,0.5,1,False
2026-07-12,僵尸浩,209,162,0.4209,0.3842,0.4375,0.3617,0.5,1,False
2026-07-12,Rainer,210,162,0.4208,0.3842,0.5,0.299,0.5,1,False
2026-07-12,Laurent Erignoux,211,163,0.42,0.3842,0.6914,0.1045,0.5,1,False
2026-07-12,EXA4V,212,164,0.4192,0.3842,0.5,0.2926,0.5,1,False
2026-07-12,BradPepersAMD,213,165,0.4183,0.3842,0.2969,0.492,0.5,1,False
2026-07-12,Charles Chan,214,166,0.4176,0.3842,0.5,0.2862,0.5,1,False
2026-07-12,Harel Cain,215,167,0.4168,0.3842,0.5,0.283,0.5,3,False
2026-07-12,lin-bot23,216,168,0.416,0.3842,0.5,0.2797,0.5,1,False
2026-07-12,Gangin Park,217,169,0.4148,0.3842,0.2734,0.5016,0.5,1,False
2026-07-12,Gilad Schreiber,218,170,0.4128,0.3842,0.5,0.2669,0.5,1,False
2026-07-12,Jorge Campo,219,171,0.4118,0.3842,0.3242,0.4389,0.5,1,False
2026-07-12,Alvin Tang,220,171,0.4116,0.3842,0.5,0.2733,0.4889,2,True
2026-07-12,Corey,221,172,0.4097,0.3842,0.3203,0.4341,0.5,1,False
2026-07-12,Paulo Muggler Moreira,222,173,0.4091,0.3842,0.543,0.209,0.5,1,False
2026-07-12,Ivan Zorin,223,174,0.408,0.3842,0.5,0.2476,0.5,2,False
2026-07-12,Quasar of Mikus,224,175,0.4064,0.3842,0.5,0.2412,0.5,1,False
2026-07-12,angad777,225,176,0.4051,0.3842,0.5,0.2363,0.5,1,False
2026-07-12,喵哩个咪,226,177,0.4037,0.3842,0.2031,0.5273,0.5,1,False
2026-07-12,Cezarijus Kivylius,227,178,0.3991,0.3842,0.5,0.2122,0.5,1,False
2026-07-12,Aarni Koskela,228,179,0.3986,0.3842,0.8438,0.2219,0.1444,1,True
2026-07-12,Changrz,229,180,0.3975,0.3842,0.1719,0.5338,0.5,3,False
2026-07-12,Chargeuk,230,181,0.3945,0.3842,0.1406,0.5531,0.5,1,False
2026-07-12,Andrew Kvochko,231,182,0.3898,0.3842,0.1953,0.4019,0.5778,6,True
2026-07-12,藍+85CD,232,183,0.3892,0.3842,0.1484,0.5241,0.5,6,False
2026-07-12,tdrussell,233,184,0.3886,0.3842,0.3359,0.3344,0.5,1,False
2026-07-12,ljleb,234,185,0.3874,0.3842,0.2539,0.4116,0.5,1,False
2026-07-12,Acly,235,186,0.3865,0.3842,0.3164,0.701,0.1444,2,True
2026-07-12,Hunter,236,187,0.3854,0.3842,0.582,0.4309,0.1444,1,True
2026-07-12,BazettFraga,237,187,0.3851,0.3842,0.1836,0.4727,0.5,3,False
2026-07-12,Scorpinaus,238,187,0.3847,0.3842,0.2109,0.4437,0.5,1,False
2026-07-12,Jin Yi,239,188,0.379,0.3842,0.5273,0.1045,0.5,1,False
2026-07-12,DELUXA,240,189,0.3727,0.3842,0.2656,0.3408,0.5,2,False
2026-07-12,Amp,241,190,0.3722,0.3842,0.5,0.1045,0.5,5,False
2026-07-12,Bedovyy,242,190,0.3722,0.3842,0.5,0.1045,0.5,1,False
2026-07-12,ChrisFab16,243,190,0.3722,0.3842,0.5,0.1045,0.5,1,False
2026-07-12,Dango233 <zhengyizhou>,244,190,0.3722,0.3842,0.5,0.1045,0.5,1,False
2026-07-12,Ginray,245,190,0.3722,0.3842,0.5,0.1045,0.5,1,False
2026-07-12,Hunter Senft-Grupp,246,190,0.3722,0.3842,0.5,0.1045,0.5,1,False
2026-07-12,Kimbing Ng,247,190,0.3722,0.3842,0.5,0.1045,0.5,1,False
2026-07-12,Lt.Dr.Data,248,190,0.3722,0.3842,0.5,0.1045,0.5,9,False
2026-07-12,Marwan Mostafa,249,190,0.3722,0.3842,0.5,0.1045,0.5,1,False
2026-07-12,Ni-zav,250,190,0.3722,0.3842,0.5,0.1045,0.5,1,False
2026-07-12,Qirui Sun,251,190,0.3722,0.3842,0.5,0.1045,0.5,1,False
2026-07-12,Rattus <rattus128>,252,190,0.3722,0.3842,0.5,0.1045,0.5,3,False
2026-07-12,THE MACHINE,253,190,0.3722,0.3842,0.5,0.1045,0.5,1,False
2026-07-12,Talmaj Marinc,254,190,0.3722,0.3842,0.5,0.1045,0.5,2,False
2026-07-12,ThereforeGames,255,190,0.3722,0.3842,0.5,0.1045,0.5,1,False
2026-07-12,YukMingLaw,256,190,0.3722,0.3842,0.5,0.1045,0.5,1,False
2026-07-12,huzhan,257,190,0.3722,0.3842,0.5,0.1045,0.5,2,False
2026-07-12,liangd,258,190,0.3722,0.3842,0.5,0.1045,0.5,1,False
2026-07-12,liesen,259,190,0.3722,0.3842,0.5,0.1045,0.5,2,False
2026-07-12,linmoumou,260,190,0.3722,0.3842,0.5,0.1045,0.5,1,False
2026-07-12,mingjiang.li,261,190,0.3722,0.3842,0.5,0.1045,0.5,1,False
2026-07-12,ozbayb,262,190,0.3722,0.3842,0.5,0.1045,0.5,6,False
2026-07-12,starmountain1997,263,190,0.3722,0.3842,0.5,0.1045,0.5,1,False
2026-07-12,thorsten,264,190,0.3722,0.3842,0.5,0.1045,0.5,3,False
2026-07-12,Nick Teeple,265,191,0.3681,0.3842,0.1797,0.4084,0.5,1,False
2026-07-12,Uriel Deveaud,266,191,0.3678,0.3842,0.1641,0.4228,0.5,2,False
2026-07-12,vickytsang,267,192,0.3658,0.3842,0.2383,0.3408,0.5,1,False
2026-07-12,drhead,268,193,0.3639,0.3842,0.1758,0.3955,0.5,2,False
2026-07-12,Vladislav,269,194,0.3596,0.3842,0.2617,0.2926,0.5,1,False
2026-07-12,Krishna Chaitanya,270,195,0.3563,0.3842,0.2773,0.2637,0.5,1,False
2026-07-12,Davemane42,271,196,0.3556,0.3842,0.2148,0.3232,0.5,1,False
2026-07-12,LaVie024,272,197,0.3501,0.3842,0.0703,0.6238,0.3222,2,True
2026-07-12,Thor-ATX,273,198,0.3492,0.3842,0.1445,0.4791,0.3889,1,True
2026-07-12,rkfg,274,199,0.3482,0.3842,0.2578,0.2508,0.5,1,False
2026-07-12,Xiangxi Guo (Ryan),275,200,0.3443,0.3842,0.1875,0.3055,0.5,1,False
2026-07-12,Michael Kupchick,276,201,0.3254,0.3842,0.1602,0.2572,0.5,2,False
2026-07-12,DenOfEquity,277,202,0.3243,0.3842,0.1523,0.2605,0.5,1,False
2026-07-12,missionfloyd,278,203,0.312,0.3842,0.0703,0.1045,0.6889,6,True
2026-07-12,Alexander Dyadyun,279,204,0.2648,0.3842,0.0703,0.1045,0.5,1,False
2026-07-12,Anton Bukov,280,204,0.2648,0.3842,0.0703,0.1045,0.5,1,False
2026-07-12,BennyKok,281,204,0.2648,0.3842,0.0703,0.1045,0.5,1,False
2026-07-12,David,282,204,0.2648,0.3842,0.0703,0.1045,0.5,1,False
2026-07-12,Francesco Yoshi Gobbo,283,204,0.2648,0.3842,0.0703,0.1045,0.5,2,False
2026-07-12,Hayden Reeve,284,204,0.2648,0.3842,0.0703,0.1045,0.5,1,False
2026-07-12,Jesse Gonyou,285,204,0.2648,0.3842,0.0703,0.1045,0.5,1,False
2026-07-12,Jianqi Pan,286,204,0.2648,0.3842,0.0703,0.1045,0.5,1,False
2026-07-12,Jonathan Avila,287,204,0.2648,0.3842,0.0703,0.1045,0.5,1,False
2026-07-12,Kelly Yang,288,204,0.2648,0.3842,0.0703,0.1045,0.5,1,False
2026-07-12,"Reiner ""Tiles"" Prokein",289,204,0.2648,0.3842,0.0703,0.1045,0.5,1,False
2026-07-12,Rick Love,290,204,0.2648,0.3842,0.0703,0.1045,0.5,1,False
2026-07-12,Silversith,291,204,0.2648,0.3842,0.0703,0.1045,0.5,1,False
2026-07-12,Svein Ove Aas,292,204,0.2648,0.3842,0.0703,0.1045,0.5,1,False
2026-07-12,TechnoByte,293,204,0.2648,0.3842,0.0703,0.1045,0.5,1,False
2026-07-12,Theephop,294,204,0.2648,0.3842,0.0703,0.1045,0.5,1,False
2026-07-12,Torbjörn Lönnemark,295,204,0.2648,0.3842,0.0703,0.1045,0.5,1,False
2026-07-12,Urle Sistiana,296,204,0.2648,0.3842,0.0703,0.1045,0.5,1,False
2026-07-12,Yaruze66,297,204,0.2648,0.3842,0.0703,0.1045,0.5,1,False
2026-07-12,a-One-Fan,298,204,0.2648,0.3842,0.0703,0.1045,0.5,1,False
2026-07-12,fgdfgfthgr-fox,299,204,0.2648,0.3842,0.0703,0.1045,0.5,1,False
2026-07-12,jjangga0214,300,204,0.2648,0.3842,0.0703,0.1045,0.5,1,False
2026-07-12,jwd-dev,301,204,0.2648,0.3842,0.0703,0.1045,0.5,2,False
2026-07-12,kk-89,302,204,0.2648,0.3842,0.0703,0.1045,0.5,1,False
2026-07-12,logtd,303,204,0.2648,0.3842,0.0703,0.1045,0.5,1,False
2026-07-12,maedtb,304,204,0.2648,0.3842,0.0703,0.1045,0.5,1,False
2026-07-12,mara,305,204,0.2648,0.3842,0.0703,0.1045,0.5,1,False
2026-07-12,masterpiecebestquality,306,204,0.2648,0.3842,0.0703,0.1045,0.5,1,False
2026-07-12,spacepxl,307,204,0.2648,0.3842,0.0703,0.1045,0.5,1,False
2026-07-12,svdc,308,204,0.2648,0.3842,0.0703,0.1045,0.5,1,False
2026-07-12,throttlekitty,309,204,0.2648,0.3842,0.0703,0.1045,0.5,1,False
2026-07-12,zhangp365,310,204,0.2648,0.3842,0.0703,0.1045,0.5,1,False
2026-07-12,flyingshutter,311,205,0.1759,0.3842,0.0703,0.1045,0.1444,2,True
2026-07-13,comfyanonymous,1,1,0.9678,1.0,0.8711,1.0,1.0,2930,True
2026-07-13,guill,2,2,0.8786,0.9808,0.6445,0.9872,0.902,41,True
2026-07-13,filtered,3,3,0.8613,0.8846,0.8008,0.9167,0.8431,27,True
2026-07-13,Chenlei Hu,4,4,0.86,0.9519,0.5859,0.9808,0.9216,101,True
2026-07-13,Alexis Rolland,5,5,0.8259,0.9103,0.5,0.9327,0.9608,45,True
2026-07-13,enzymezoo-code,6,6,0.8239,0.9263,0.9688,0.9006,0.5,1,False
2026-07-13,Jedrzej Kosinski,7,7,0.8174,0.9872,0.3086,0.9936,0.9804,120,True
2026-07-13,Jukka Seppänen,8,8,0.8081,0.9968,0.4414,0.9904,0.8039,86,True
2026-07-13,Christian Byrne,9,8,0.8081,0.9647,0.4141,0.9712,0.8824,98,True
2026-07-13,Alexander Piskun,10,9,0.8071,0.9904,0.457,0.9968,0.7843,334,True
2026-07-13,"Alex ""mcmonkey"" Goodwin",11,10,0.8045,0.8942,0.4531,0.9295,0.9412,18,True
2026-07-13,mligaintart,12,11,0.803,0.8718,0.9844,0.8558,0.5,1,False
2026-07-13,Dr.Lt.Data,13,12,0.8002,0.9455,0.6172,0.9519,0.6863,43,True
2026-07-13,rattus,14,13,0.7766,0.9551,0.3047,0.984,0.8627,134,True
2026-07-13,Luke Mino-Altherr,15,14,0.7705,0.984,0.4766,0.9744,0.6471,8,True
2026-07-13,blepping,16,15,0.7697,0.9231,0.4648,0.9263,0.7647,13,True
2026-07-13,Terry Jia,17,16,0.7634,0.9936,0.5234,0.9679,0.5686,55,True
2026-07-13,Zhenyu Zhou,18,16,0.7632,0.9006,0.8477,0.8045,0.5,1,False
2026-07-13,space-nuko,19,17,0.7623,0.9038,0.7031,0.9423,0.5,27,False
2026-07-13,Robin Huang,20,18,0.7492,0.9615,0.25,0.9615,0.8235,34,True
2026-07-13,Raphael Walker,21,19,0.7483,0.8205,0.7656,0.9071,0.5,6,False
2026-07-13,catboxanon,22,19,0.7482,0.8365,0.7812,0.875,0.5,12,False
2026-07-13,Benjamin Lu,23,20,0.7456,0.8686,0.7422,0.8718,0.5,7,False
2026-07-13,ric-yu,24,21,0.7428,0.9359,0.5898,0.9455,0.5,4,False
2026-07-13,PhilWun,25,22,0.7329,0.7917,0.8516,0.7885,0.5,1,False
2026-07-13,Dante,26,23,0.7291,0.9199,0.4922,0.9551,0.549,3,True
2026-07-13,BlenderNeko,27,23,0.7289,0.8558,0.6367,0.9231,0.5,15,False
2026-07-13,Hayden,28,24,0.7267,0.8462,0.6953,0.8654,0.5,1,False
2026-07-13,Arjan Singh,29,24,0.7265,0.8974,0.6602,0.8878,0.4608,3,True
2026-07-13,shawnington,30,25,0.7217,0.7692,0.5391,0.8333,0.7451,4,True
2026-07-13,Kohaku-Blueleaf,31,26,0.7212,0.9776,0.4297,0.9776,0.5,19,False
2026-07-13,John Pollock,32,27,0.7147,0.9679,0.5,0.891,0.5,4,False
2026-07-13,SHIVANSH GUPTA,33,28,0.7127,0.8141,0.7227,0.8141,0.5,1,False
2026-07-13,Simon Pinfold,34,28,0.7124,0.9423,0.5,0.8974,0.5098,2,True
2026-07-13,Talmaj,35,29,0.7114,0.9712,0.4258,0.9487,0.5,11,False
2026-07-13,drozbay,36,30,0.7098,0.9391,0.5586,0.9199,0.4216,18,True
2026-07-13,40476,37,31,0.7092,0.7869,0.832,0.7179,0.5,1,False
2026-07-13,Eugene Fairley,38,31,0.7089,0.891,0.6016,0.8429,0.5,1,False
2026-07-13,coderfromthenorth93,39,32,0.7066,0.8013,0.7461,0.7788,0.5,1,False
2026-07-13,pythongosssss,40,33,0.706,0.9583,0.293,0.9647,0.6078,76,True
2026-07-13,Yousef R. Gamaleldin,41,34,0.6986,0.9487,0.4609,0.8846,0.5,6,False
2026-07-13,sALTaccount,42,35,0.6798,0.8526,0.4883,0.8782,0.5,7,False
2026-07-13,Dmytro Mishkin,43,36,0.667,0.7869,0.6406,0.7404,0.5,1,False
2026-07-13,Zoltán Dócs,44,36,0.6666,0.7788,0.5703,0.8173,0.5,1,False
2026-07-13,Yoland Yan,45,37,0.6618,0.8269,0.3555,0.7981,0.6667,21,True
2026-07-13,Dango233,46,38,0.6499,0.7949,0.6094,0.6955,0.5,1,False
2026-07-13,YAN Wenkun,47,39,0.6486,0.3846,0.9277,0.7821,0.5,1,False
2026-07-13,Matt Miller,48,40,0.6474,0.9744,0.5,0.9583,0.1569,37,True
2026-07-13,mengqin,49,41,0.6461,0.8237,0.4336,0.8269,0.5,1,False
2026-07-13,Deep Mehta,50,41,0.646,0.9295,0.2188,0.9359,0.5,2,False
2026-07-13,MoonRide303,51,42,0.6448,0.8429,0.4062,0.8301,0.5,6,False
2026-07-13,AustinMroz,52,43,0.644,0.8622,0.3516,0.8622,0.5,5,False
2026-07-13,woctordho,53,43,0.6437,0.875,0.3984,0.8013,0.5,2,False
2026-07-13,George0726,54,44,0.6431,0.8654,0.3672,0.8397,0.5,1,False
2026-07-13,Michael Poutre,55,45,0.641,0.3846,0.8242,0.7276,0.6275,6,True
2026-07-13,thot experiment,56,45,0.6409,0.9071,0.2461,0.9103,0.5,14,False
2026-07-13,Pauan,57,46,0.639,0.8317,0.5,0.7244,0.5,2,False
2026-07-13,Guo Y.K,58,47,0.6375,0.3846,0.7969,0.8686,0.5,4,False
2026-07-13,Thomas Ward,59,47,0.6373,0.3846,0.918,0.7468,0.5,1,False
2026-07-13,Garrett Sutula,60,47,0.6371,0.3846,0.8945,0.7692,0.5,1,False
2026-07-13,contentis,61,48,0.6345,0.9135,0.2305,0.8942,0.5,9,False
2026-07-13,liminfei-amd,62,49,0.6334,0.774,0.5,0.7596,0.5,3,False
2026-07-13,Jairo Correa,63,50,0.6303,0.3846,0.9375,0.8462,0.3529,10,True
2026-07-13,Silver,64,51,0.6238,0.859,0.2227,0.9135,0.5,17,False
2026-07-13,City,65,52,0.6233,0.9167,0.4805,0.9391,0.1569,8,True
2026-07-13,Oleksiy Nehlyadyuk,66,53,0.6223,0.3846,0.957,0.6474,0.5,1,False
2026-07-13,Peter Crabtree,67,54,0.6212,0.774,0.5312,0.6795,0.5,2,False
2026-07-13,TFWol,68,55,0.6154,0.3846,0.9102,0.6667,0.5,2,False
2026-07-13,Ashen,69,55,0.6153,0.3846,0.9004,0.6763,0.5,1,False
2026-07-13,Bob Du,70,56,0.6109,0.3846,0.9277,0.6314,0.5,1,False
2026-07-13,Xrvk,71,57,0.6105,0.3846,0.9004,0.6571,0.5,1,False
2026-07-13,Hari,72,58,0.61,0.7821,0.4688,0.6891,0.5,1,False
2026-07-13,Jaret Burkett,73,59,0.607,0.3846,0.7773,0.766,0.5,1,False
2026-07-13,Imran Azeez,74,60,0.6051,0.3846,0.9492,0.5865,0.5,1,False
2026-07-13,tsone,75,61,0.6045,0.3846,0.9531,0.5801,0.5,1,False
2026-07-13,edikius,76,61,0.6042,0.3846,1.0,0.5321,0.5,1,False
2026-07-13,BiologicalExplosion,77,62,0.6008,0.3846,0.7109,0.8077,0.5,2,False
2026-07-13,Joe Colburn,78,63,0.6,0.3846,0.9961,0.5192,0.5,1,False
2026-07-13,Tavi Halperin,79,64,0.5983,0.8878,0.332,0.8205,0.3529,4,True
2026-07-13,BVH,80,64,0.5982,0.8093,0.375,0.7083,0.5,4,False
2026-07-13,badayvedat,81,65,0.5975,0.3846,0.9414,0.5641,0.5,2,False
2026-07-13,Tom,82,66,0.5929,0.3846,0.875,0.6122,0.5,1,False
2026-07-13,Joey Ballentine,83,66,0.5928,0.3846,0.8359,0.6506,0.5,1,False
2026-07-13,seed93,84,67,0.5922,0.8173,0.3594,0.6923,0.5,2,False
2026-07-13,chaObserv,85,68,0.5914,0.9327,0.3945,0.8814,0.1569,27,True
2026-07-13,David Jeske,86,69,0.5899,0.3846,0.9141,0.5609,0.5,1,False
2026-07-13,gameltb,87,69,0.5896,0.3846,0.9609,0.5128,0.5,1,False
2026-07-13,来新璐,88,70,0.5847,0.8494,0.2266,0.7628,0.5,1,False
2026-07-13,Huazhong Ji,89,71,0.5835,0.3846,0.6641,0.7853,0.5,1,False
2026-07-13,Michael Abrahams,90,72,0.5823,0.3846,0.7715,0.6731,0.5,1,False
2026-07-13,Chris,91,73,0.5817,0.3846,0.8203,0.6218,0.5,4,False
2026-07-13,ComfyUI-Community,92,73,0.5817,0.3846,0.9805,0.4615,0.5,1,False
2026-07-13,Sean Lynch,93,74,0.5798,0.3846,0.9648,0.4696,0.5,1,False
2026-07-13,Johnpaul Chiwetelu,94,74,0.5796,0.8045,0.6133,0.7436,0.1569,3,True
2026-07-13,krigeta,95,75,0.5784,0.8798,0.418,0.859,0.1569,1,True
2026-07-13,Gavroche CryptoRUSH,96,76,0.5762,0.3846,0.9922,0.4279,0.5,1,False
2026-07-13,Lodestone,97,77,0.5729,0.8798,0.4023,0.8526,0.1569,2,True
2026-07-13,Bradley Reynolds,98,77,0.5725,0.3846,0.8125,0.5929,0.5,1,False
2026-07-13,david02871,99,78,0.5712,0.3846,0.8809,0.5192,0.5,1,False
2026-07-13,Janek Mann,100,79,0.5707,0.3846,0.9336,0.4647,0.5,1,False
2026-07-13,EllangoK,101,80,0.5688,0.8317,0.3828,0.9038,0.1569,11,True
2026-07-13,Darion,102,81,0.5664,0.3846,0.8809,0.5,0.5,1,False
2026-07-13,Rizumu Ayaka,103,82,0.5639,0.3846,0.6211,0.75,0.5,1,False
2026-07-13,pharmapsychotic,104,82,0.5638,0.3846,0.707,0.6635,0.5,1,False
2026-07-13,Haoming,105,83,0.5605,0.3846,0.6523,0.7051,0.5,7,False
2026-07-13,Alexander Brown,106,83,0.5604,0.3846,0.7148,0.4167,0.7255,5,True
2026-07-13,Extraltodeus,107,83,0.5603,0.3846,0.7188,0.6378,0.5,1,False
2026-07-13,Ridan Vandenbergh,108,84,0.5553,0.3846,0.9727,0.3638,0.5,1,False
2026-07-13,Bratzmeister,109,85,0.5525,0.3846,0.8398,0.4856,0.5,1,False
2026-07-13,Faych,110,86,0.5468,0.3846,0.668,0.6346,0.5,1,False
2026-07-13,Brendan Hoar,111,86,0.5466,0.3846,0.7539,0.5481,0.5,1,False
2026-07-13,zhoufan2956,112,87,0.5457,0.3846,0.8047,0.4936,0.5,1,False
2026-07-13,bmcomfy,113,87,0.5455,0.8397,0.7383,0.1042,0.5,1,False
2026-07-13,Deep Roy,114,88,0.544,0.3846,0.5352,0.7564,0.5,1,False
2026-07-13,Denys Smirnov,115,89,0.5433,0.3846,0.8906,0.5449,0.3529,1,True
2026-07-13,WAS,116,90,0.5411,0.3846,0.9883,0.2917,0.5,1,False
2026-07-13,power88,117,91,0.5394,0.3846,0.4492,0.8237,0.5,1,False
2026-07-13,Jim Winkens,118,92,0.5366,0.3846,0.8867,0.375,0.5,1,False
2026-07-13,honglyua,119,93,0.5353,0.3846,0.5195,0.7372,0.5,1,False
2026-07-13,FizzleDorf,120,94,0.5332,0.3846,0.4727,0.7756,0.5,4,False
2026-07-13,Zhong-Yu Li,121,95,0.531,0.8093,0.3867,0.4279,0.5,1,False
2026-07-13,SD,122,96,0.529,0.3846,0.7617,0.4696,0.5,1,False
2026-07-13,vidigoat,123,96,0.5288,0.3846,0.5,0.7308,0.5,1,False
2026-07-13,karrycharon,124,97,0.5284,0.3846,0.5078,0.7212,0.5,2,False
2026-07-13,FuamiCake,125,97,0.5281,0.3846,0.7344,0.8365,0.1569,2,True
2026-07-13,Farshore,126,98,0.5276,0.3846,0.625,0.601,0.5,1,False
2026-07-13,Enrico Fasoli,127,98,0.5275,0.3846,0.6836,0.5417,0.5,1,False
2026-07-13,TTPlanetPig,128,99,0.5266,0.3846,0.9062,0.3157,0.5,1,False
2026-07-13,Xiaodong Xie,129,100,0.526,0.3846,0.8555,0.3638,0.5,1,False
2026-07-13,huemin,130,101,0.5255,0.3846,0.5156,0.7019,0.5,1,False
2026-07-13,Yourz,131,102,0.522,0.3846,0.5781,0.7724,0.3529,1,True
2026-07-13,Alexopus,132,102,0.5218,0.3846,0.9766,0.226,0.5,1,False
2026-07-13,Olexandr88,133,103,0.5208,0.3846,0.7578,0.4407,0.5,1,False
2026-07-13,feffy380,134,103,0.5208,0.3846,0.9453,0.2532,0.5,1,False
2026-07-13,asagi4,135,103,0.5205,0.3846,0.9219,0.6186,0.1569,3,True
2026-07-13,AustinMroz <austinmroz>,136,104,0.5168,0.3846,0.7852,0.3974,0.5,2,False
2026-07-13,Guy Niv,137,104,0.5164,0.3846,0.6875,0.4936,0.5,1,False
2026-07-13,xufeng,138,105,0.516,0.3846,0.4453,0.734,0.5,1,False
2026-07-13,Alexander G. Morano,139,106,0.5155,0.3846,0.793,0.3846,0.5,1,False
2026-07-13,Kadir Nar,140,107,0.5149,0.3846,0.8594,0.3157,0.5,1,False
2026-07-13,Yukimasa Funaoka,141,108,0.5141,0.3846,0.5117,0.6603,0.5,1,False
2026-07-13,Octopus,142,109,0.5136,0.3846,0.5,0.6699,0.5,3,False
2026-07-13,Koratahiu,143,109,0.5135,0.7981,0.3281,0.4279,0.5,1,False
2026-07-13,Markury,144,109,0.5135,0.3846,0.5957,0.5737,0.5,1,False
2026-07-13,Rui Wang (王瑞),145,110,0.5125,0.3846,0.6797,0.4856,0.5,1,False
2026-07-13,Adi Borochov,146,111,0.5073,0.3846,0.5547,0.5897,0.5,1,False
2026-07-13,person4268,147,111,0.5072,0.3846,0.5,0.6442,0.5,1,False
2026-07-13,编程界的小学生,148,112,0.505,0.3846,0.7715,0.3638,0.5,1,False
2026-07-13,josephrocca,149,113,0.5023,0.3846,0.7305,0.3942,0.5,1,False
2026-07-13,nomadoor,150,114,0.499,0.3846,0.4961,0.6154,0.5,2,False
2026-07-13,Mario Klingemann,151,114,0.4987,0.3846,0.6328,0.4776,0.5,1,False
2026-07-13,Lucas - BLOCK33,152,115,0.4973,0.3846,0.4219,0.6827,0.5,1,False
2026-07-13,lky,153,115,0.4971,0.3846,0.8281,0.2756,0.5,1,False
2026-07-13,j2gg0s,154,116,0.4964,0.3846,0.5,0.601,0.5,1,False
2026-07-13,realazthat,155,117,0.4954,0.3846,0.3438,0.7532,0.5,2,False
2026-07-13,FeepingCreature,156,118,0.4943,0.3846,0.3008,0.7917,0.5,3,False
2026-07-13,RandomGitUser321,157,119,0.4916,0.3846,0.8672,0.5577,0.1569,2,True
2026-07-13,Maksim,158,120,0.4888,0.3846,0.5,0.5705,0.5,1,False
2026-07-13,flybirdxx,159,121,0.4865,0.3846,0.4844,0.5769,0.5,1,False
2026-07-13,kelseyee,160,122,0.4851,0.3846,0.6055,0.4503,0.5,2,False
2026-07-13,m957ymj75urz,161,123,0.4844,0.3846,0.2422,0.8109,0.5,13,False
2026-07-13,Pam,162,124,0.484,0.3846,0.3398,0.7115,0.5,7,False
2026-07-13,savvadesogle,163,124,0.484,0.3846,0.5,0.5513,0.5,1,False
2026-07-13,Simon Lui,164,125,0.4823,0.3846,0.2344,0.8494,0.4608,15,True
2026-07-13,Sergii Dymchenko,165,126,0.4817,0.3846,0.8164,0.226,0.5,1,False
2026-07-13,matt3o,166,127,0.4793,0.3846,0.7891,0.2436,0.5,1,False
2026-07-13,Arthur R Longbottom,167,128,0.4773,0.3846,0.5664,0.4583,0.5,2,False
2026-07-13,Daniel Harte,168,128,0.4773,0.3846,0.6719,0.3526,0.5,1,False
2026-07-13,Jim Heising,169,129,0.4742,0.3846,0.6484,0.3638,0.5,1,False
2026-07-13,dxqb,170,130,0.4737,0.3846,0.6289,0.3814,0.5,1,False
2026-07-13,Alex Butler,171,131,0.472,0.3846,0.4102,0.5833,0.5098,3,True
2026-07-13,HishamC,172,132,0.4681,0.3846,0.3789,0.609,0.5,1,False
2026-07-13,Hacker 17082006,173,133,0.4677,0.3846,0.1914,0.7949,0.5,8,False
2026-07-13,Lex,174,134,0.463,0.3846,0.8633,0.1042,0.5,1,False
2026-07-13,fappaz,175,135,0.4593,0.3846,0.5742,0.3782,0.5,2,False
2026-07-13,Abdul Rehman,176,136,0.4575,0.3846,0.5,0.4455,0.5,1,False
2026-07-13,Mylo,177,136,0.4574,0.3846,0.5957,0.3494,0.5,1,False
2026-07-13,Brandon Wallace,178,137,0.4565,0.3846,0.7266,0.2147,0.5,1,False
2026-07-13,EverNebula,179,138,0.4525,0.3846,0.6562,0.2692,0.5,1,False
2026-07-13,Jodh Singh,180,139,0.4504,0.3846,0.6992,0.2179,0.5,1,False
2026-07-13,bebebe666,181,140,0.4496,0.3846,0.1992,0.7147,0.5,1,False
2026-07-13,bananasss00,182,140,0.4493,0.3846,0.8086,0.1042,0.5,1,False
2026-07-13,saurabh-pingale,183,141,0.4485,0.3846,0.3711,0.5385,0.5,1,False
2026-07-13,yoinked,184,141,0.4485,0.3846,0.2812,0.6282,0.5,3,False
2026-07-13,box4wangjing,185,142,0.4479,0.3846,0.5,0.4071,0.5,1,False
2026-07-13,Finn-Hecker,186,142,0.4478,0.3846,0.6758,0.2308,0.5,1,False
2026-07-13,JettHu,187,143,0.4444,0.3846,0.207,0.6859,0.5,6,False
2026-07-13,Edoardo Carmignani,188,144,0.4439,0.3846,0.5,0.391,0.5,1,False
2026-07-13,Qiacheng Li,189,144,0.4439,0.3846,0.2852,0.6058,0.5,2,False
2026-07-13,lostdisc,190,144,0.4436,0.3846,0.5469,0.3429,0.5,1,False
2026-07-13,omahs,191,145,0.4431,0.3846,0.5,0.3878,0.5,1,False
2026-07-13,Omri Marom,192,146,0.4386,0.3846,0.3633,0.5064,0.5,1,False
2026-07-13,ramyma,193,147,0.4381,0.3846,0.5039,0.3638,0.5,2,False
2026-07-13,Vladimir Semyonov,194,147,0.4379,0.3846,0.3477,0.5192,0.5,1,False
2026-07-13,Matthew Turnshek,195,147,0.4376,0.3846,0.2695,0.5962,0.5,1,False
2026-07-13,PxTicks,196,148,0.4366,0.3846,0.5508,0.3109,0.5,1,False
2026-07-13,Yurii Mazurevich,197,149,0.4352,0.3846,0.2891,0.5673,0.5,3,False
2026-07-13,Kent Mewhort,198,150,0.4347,0.3846,0.75,0.1042,0.5,1,False
2026-07-13,PsychoLogicAu,199,151,0.4314,0.3846,0.3906,0.4503,0.5,2,False
2026-07-13,iChrist,200,152,0.4295,0.3846,0.5,0.3333,0.5,1,False
2026-07-13,Soof Golan,201,153,0.4287,0.3846,0.5,0.3301,0.5,1,False
2026-07-13,apophis,202,154,0.4275,0.3846,0.5,0.3253,0.5,1,False
2026-07-13,askmyteapot,203,155,0.4267,0.3846,0.3125,0.5096,0.5,1,False
2026-07-13,Gustavo Schneiter,204,155,0.4263,0.3846,0.5,0.3205,0.5,1,False
2026-07-13,reaper47,205,156,0.4237,0.3846,0.1562,0.6538,0.5,4,False
2026-07-13,shiimizu,206,156,0.4234,0.3846,0.168,0.641,0.5,1,False
2026-07-13,Jun Yamog,207,157,0.4223,0.3846,0.5,0.3045,0.5,1,False
2026-07-13,yy,208,157,0.4223,0.3846,0.5,0.3045,0.5,1,False
2026-07-13,僵尸浩,209,158,0.4215,0.3846,0.4375,0.3638,0.5,1,False
2026-07-13,Rainer,210,159,0.4207,0.3846,0.5,0.2981,0.5,1,False
2026-07-13,xeinherjer,211,159,0.4207,0.3846,0.5625,0.2356,0.5,1,False
2026-07-13,Laurent Erignoux,212,160,0.42,0.3846,0.6914,0.1042,0.5,1,False
2026-07-13,EXA4V,213,161,0.4191,0.3846,0.5,0.2917,0.5,1,False
2026-07-13,BradPepersAMD,214,161,0.4188,0.3846,0.2969,0.4936,0.5,1,False
2026-07-13,Charles Chan,215,162,0.4175,0.3846,0.5,0.2853,0.5,1,False
2026-07-13,Alvin Tang,216,163,0.4167,0.3846,0.5,0.2724,0.5098,2,True
2026-07-13,Harel Cain,217,163,0.4167,0.3846,0.5,0.2821,0.5,3,False
2026-07-13,lin-bot23,218,164,0.4159,0.3846,0.5,0.2788,0.5,1,False
2026-07-13,Gangin Park,219,165,0.4153,0.3846,0.2734,0.5032,0.5,1,False
2026-07-13,Gilad Schreiber,220,166,0.4127,0.3846,0.5,0.266,0.5,1,False
2026-07-13,Jorge Campo,221,166,0.4124,0.3846,0.3242,0.4407,0.5,1,False
2026-07-13,Corey,222,167,0.4102,0.3846,0.3203,0.4359,0.5,1,False
2026-07-13,Paulo Muggler Moreira,223,168,0.409,0.3846,0.543,0.2083,0.5,1,False
2026-07-13,Ivan Zorin,224,169,0.4079,0.3846,0.5,0.2468,0.5,2,False
2026-07-13,Quasar of Mikus,225,170,0.4062,0.3846,0.5,0.2404,0.5,1,False
2026-07-13,angad777,226,171,0.405,0.3846,0.5,0.2356,0.5,1,False
2026-07-13,喵哩个咪,227,172,0.4041,0.3846,0.2031,0.5288,0.5,1,False
2026-07-13,Aarni Koskela,228,173,0.4016,0.3846,0.8438,0.2212,0.1569,1,True
2026-07-13,Cezarijus Kivylius,229,174,0.399,0.3846,0.5,0.2115,0.5,1,False
2026-07-13,Changrz,230,175,0.3979,0.3846,0.1719,0.5353,0.5,3,False
2026-07-13,Chargeuk,231,176,0.3949,0.3846,0.1406,0.5545,0.5,1,False
2026-07-13,Andrew Kvochko,232,177,0.393,0.3846,0.1953,0.4038,0.5882,6,True
2026-07-13,藍+85CD,233,178,0.3897,0.3846,0.1484,0.5256,0.5,6,False
2026-07-13,tdrussell,234,178,0.3893,0.3846,0.3359,0.3365,0.5,1,False
2026-07-13,Acly,235,178,0.3892,0.3846,0.3164,0.6987,0.1569,2,True
2026-07-13,ljleb,236,179,0.388,0.3846,0.2539,0.4135,0.5,1,False
2026-07-13,Scorpinaus,237,179,0.3877,0.3846,0.2109,0.4551,0.5,1,False
2026-07-13,Hunter,238,180,0.3858,0.3846,0.582,0.4199,0.1569,1,True
2026-07-13,BazettFraga,239,180,0.3856,0.3846,0.1836,0.4744,0.5,3,False
2026-07-13,Jin Yi,240,181,0.379,0.3846,0.5273,0.1042,0.5,1,False
2026-07-13,DELUXA,241,182,0.3733,0.3846,0.2656,0.3429,0.5,2,False
2026-07-13,Amp,242,183,0.3722,0.3846,0.5,0.1042,0.5,5,False
2026-07-13,Bedovyy,243,183,0.3722,0.3846,0.5,0.1042,0.5,1,False
2026-07-13,ChrisFab16,244,183,0.3722,0.3846,0.5,0.1042,0.5,1,False
2026-07-13,Dango233 <zhengyizhou>,245,183,0.3722,0.3846,0.5,0.1042,0.5,1,False
2026-07-13,Ginray,246,183,0.3722,0.3846,0.5,0.1042,0.5,1,False
2026-07-13,Hunter Senft-Grupp,247,183,0.3722,0.3846,0.5,0.1042,0.5,1,False
2026-07-13,Kimbing Ng,248,183,0.3722,0.3846,0.5,0.1042,0.5,1,False
2026-07-13,Lt.Dr.Data,249,183,0.3722,0.3846,0.5,0.1042,0.5,9,False
2026-07-13,Marwan Mostafa,250,183,0.3722,0.3846,0.5,0.1042,0.5,1,False
2026-07-13,Ni-zav,251,183,0.3722,0.3846,0.5,0.1042,0.5,1,False
2026-07-13,Qirui Sun,252,183,0.3722,0.3846,0.5,0.1042,0.5,1,False
2026-07-13,Rattus <rattus128>,253,183,0.3722,0.3846,0.5,0.1042,0.5,3,False
2026-07-13,THE MACHINE,254,183,0.3722,0.3846,0.5,0.1042,0.5,1,False
2026-07-13,Talmaj Marinc,255,183,0.3722,0.3846,0.5,0.1042,0.5,2,False
2026-07-13,ThereforeGames,256,183,0.3722,0.3846,0.5,0.1042,0.5,1,False
2026-07-13,YukMingLaw,257,183,0.3722,0.3846,0.5,0.1042,0.5,1,False
2026-07-13,huzhan,258,183,0.3722,0.3846,0.5,0.1042,0.5,2,False
2026-07-13,liangd,259,183,0.3722,0.3846,0.5,0.1042,0.5,1,False
2026-07-13,linmoumou,260,183,0.3722,0.3846,0.5,0.1042,0.5,1,False
2026-07-13,mingjiang.li,261,183,0.3722,0.3846,0.5,0.1042,0.5,1,False
2026-07-13,ozbayb,262,183,0.3722,0.3846,0.5,0.1042,0.5,6,False
2026-07-13,starmountain1997,263,183,0.3722,0.3846,0.5,0.1042,0.5,1,False
2026-07-13,thorsten,264,183,0.3722,0.3846,0.5,0.1042,0.5,3,False
2026-07-13,Uriel Deveaud,265,184,0.3691,0.3846,0.1641,0.4279,0.5,2,False
2026-07-13,Nick Teeple,266,185,0.3686,0.3846,0.1797,0.4103,0.5,1,False
2026-07-13,vickytsang,267,186,0.3665,0.3846,0.2383,0.3429,0.5,1,False
2026-07-13,drhead,268,187,0.3653,0.3846,0.1758,0.4006,0.5,2,False
2026-07-13,Vladislav,269,188,0.3595,0.3846,0.2617,0.2917,0.5,1,False
2026-07-13,LaVie024,270,189,0.3582,0.3846,0.0703,0.625,0.3529,2,True
2026-07-13,Thor-ATX,271,189,0.3579,0.3846,0.1445,0.4808,0.4216,1,True
2026-07-13,Davemane42,272,190,0.3562,0.3846,0.2148,0.3253,0.5,1,False
2026-07-13,Krishna Chaitanya,273,190,0.3562,0.3846,0.2773,0.2628,0.5,1,False
2026-07-13,rkfg,274,191,0.3481,0.3846,0.2578,0.25,0.5,1,False
2026-07-13,Xiangxi Guo (Ryan),275,192,0.3442,0.3846,0.1875,0.3045,0.5,1,False
2026-07-13,Michael Kupchick,276,193,0.3253,0.3846,0.1602,0.2564,0.5,2,False
2026-07-13,DenOfEquity,277,194,0.3241,0.3846,0.1523,0.2596,0.5,1,False
2026-07-13,missionfloyd,278,195,0.3162,0.3846,0.0703,0.1042,0.7059,6,True
2026-07-13,liesen,279,196,0.2864,0.3846,0.5,0.1042,0.1569,2,True
2026-07-13,Alexander Dyadyun,280,197,0.2648,0.3846,0.0703,0.1042,0.5,1,False
2026-07-13,Anton Bukov,281,197,0.2648,0.3846,0.0703,0.1042,0.5,1,False
2026-07-13,BennyKok,282,197,0.2648,0.3846,0.0703,0.1042,0.5,1,False
2026-07-13,David,283,197,0.2648,0.3846,0.0703,0.1042,0.5,1,False
2026-07-13,Francesco Yoshi Gobbo,284,197,0.2648,0.3846,0.0703,0.1042,0.5,2,False
2026-07-13,Hayden Reeve,285,197,0.2648,0.3846,0.0703,0.1042,0.5,1,False
2026-07-13,Jesse Gonyou,286,197,0.2648,0.3846,0.0703,0.1042,0.5,1,False
2026-07-13,Jianqi Pan,287,197,0.2648,0.3846,0.0703,0.1042,0.5,1,False
2026-07-13,Jonathan Avila,288,197,0.2648,0.3846,0.0703,0.1042,0.5,1,False
2026-07-13,Kelly Yang,289,197,0.2648,0.3846,0.0703,0.1042,0.5,1,False
2026-07-13,"Reiner ""Tiles"" Prokein",290,197,0.2648,0.3846,0.0703,0.1042,0.5,1,False
2026-07-13,Rick Love,291,197,0.2648,0.3846,0.0703,0.1042,0.5,1,False
2026-07-13,Silversith,292,197,0.2648,0.3846,0.0703,0.1042,0.5,1,False
2026-07-13,Svein Ove Aas,293,197,0.2648,0.3846,0.0703,0.1042,0.5,1,False
2026-07-13,TechnoByte,294,197,0.2648,0.3846,0.0703,0.1042,0.5,1,False
2026-07-13,Theephop,295,197,0.2648,0.3846,0.0703,0.1042,0.5,1,False
2026-07-13,Torbjörn Lönnemark,296,197,0.2648,0.3846,0.0703,0.1042,0.5,1,False
2026-07-13,Urle Sistiana,297,197,0.2648,0.3846,0.0703,0.1042,0.5,1,False
2026-07-13,Yaruze66,298,197,0.2648,0.3846,0.0703,0.1042,0.5,1,False
2026-07-13,a-One-Fan,299,197,0.2648,0.3846,0.0703,0.1042,0.5,1,False
2026-07-13,fgdfgfthgr-fox,300,197,0.2648,0.3846,0.0703,0.1042,0.5,1,False
2026-07-13,jjangga0214,301,197,0.2648,0.3846,0.0703,0.1042,0.5,1,False
2026-07-13,jwd-dev,302,197,0.2648,0.3846,0.0703,0.1042,0.5,2,False
2026-07-13,kk-89,303,197,0.2648,0.3846,0.0703,0.1042,0.5,1,False
2026-07-13,logtd,304,197,0.2648,0.3846,0.0703,0.1042,0.5,1,False
2026-07-13,maedtb,305,197,0.2648,0.3846,0.0703,0.1042,0.5,1,False
2026-07-13,mara,306,197,0.2648,0.3846,0.0703,0.1042,0.5,1,False
2026-07-13,masterpiecebestquality,307,197,0.2648,0.3846,0.0703,0.1042,0.5,1,False
2026-07-13,spacepxl,308,197,0.2648,0.3846,0.0703,0.1042,0.5,1,False
2026-07-13,svdc,309,197,0.2648,0.3846,0.0703,0.1042,0.5,1,False
2026-07-13,throttlekitty,310,197,0.2648,0.3846,0.0703,0.1042,0.5,1,False
2026-07-13,zhangp365,311,197,0.2648,0.3846,0.0703,0.1042,0.5,1,False
2026-07-13,flyingshutter,312,198,0.179,0.3846,0.0703,0.1042,0.1569,2,True
